arm,ngram,term,delta,z,freq_in_arm
TIME_USE,2,your day,1.734186478050173,73.76214589216188,4106.0
TIME_USE,2,you spend,1.7920536998667629,55.368498132154386,2248.0
TIME_USE,2,your time,1.2425807642545106,45.924095327670145,2433.0
TIME_USE,2,spend your,4.956738469432384,44.839238697803985,2702.0
TIME_USE,2,the morning,2.19807906222864,42.91722985005822,1160.0
TIME_USE,2,wind down,3.087986973593674,40.94441968895375,1051.0
TIME_USE,2,this interview,2.146429417446276,40.20788374455841,1032.0
TIME_USE,2,you start,2.9363449153240833,39.3057491891522,946.0
TIME_USE,2,before bed,2.071207395413918,38.36629268842042,961.0
TIME_USE,2,ready to,2.2037574197145737,36.52927124243739,840.0
TIME_USE,2,the day,1.6431016247110737,35.00170770362935,986.0
TIME_USE,2,you're ready,2.2703357318308424,34.920709705332975,757.0
TIME_USE,2,on weekends,4.382596658310458,34.6856057484006,1200.0
TIME_USE,2,you usually,5.711053127572923,34.083827990393154,2463.0
TIME_USE,2,your evenings,1.7126176745203647,33.65581629888575,872.0
TIME_USE,2,rely on,1.7509051501259505,33.02726947982774,821.0
TIME_USE,2,evenings and,2.093311531740559,32.776527776348765,697.0
TIME_USE,2,waking up,3.77357780783975,32.31803918526657,799.0
TIME_USE,2,to day,1.4035763018242804,32.1713293479101,1010.0
TIME_USE,2,add or,2.675504025298938,31.59851522439082,600.0
TIME_USE,2,day to,1.3534079114480662,31.48643242814573,1016.0
TIME_USE,2,to learn,3.7912768867168865,30.399921251937432,712.0
TIME_USE,2,time could,3.883037016397024,29.667891255576563,703.0
TIME_USE,2,your days,2.911856341276886,29.66561667057986,538.0
TIME_USE,2,days to,3.807242591153754,29.44082157791904,672.0
TIME_USE,2,compared to,3.966773807053253,28.42495233949424,668.0
TIME_USE,2,biggest difference,1.6822318595701695,28.10394512958221,620.0
TIME_USE,2,practical steps,4.207241833791226,27.535380863591673,697.0
TIME_USE,2,wake up,2.5663251048155633,27.136920581849715,443.0
TIME_USE,2,your routines,5.646255123475271,27.044734668996107,1495.0
TIME_USE,1,day,1.0983001558800058,71.93901933537114,7430.0
TIME_USE,1,usually,3.904804336905798,70.33598082564002,4296.0
TIME_USE,1,spend,1.9466954571534671,69.85149598710845,3525.0
TIME_USE,1,morning,2.3785192259166497,68.15323480409309,3024.0
TIME_USE,1,routines,2.6281091150151763,63.064018303678715,2564.0
TIME_USE,1,bed,1.8376067527054207,53.22514082800337,2156.0
TIME_USE,1,ready,2.5132798631237456,50.54199422129263,1656.0
TIME_USE,1,days,2.4165449828193104,49.59704138232216,1605.0
TIME_USE,1,routine,2.158090067747912,49.18037119335775,1646.0
TIME_USE,1,start,1.794196050697808,47.50408240675915,1757.0
TIME_USE,1,weekends,3.771740599726483,46.01125610152981,1769.0
TIME_USE,1,until,2.8611430333993138,43.13499884776497,1226.0
TIME_USE,1,early,3.431096175833032,42.47220365322106,1343.0
TIME_USE,1,afternoon,3.2830381140433698,41.864133091995086,1252.0
TIME_USE,1,late,1.8345176691025105,40.88958577224779,1278.0
TIME_USE,1,wind,2.9654180890941095,39.67647624114854,1053.0
TIME_USE,1,dinner,2.5481532311001445,38.66365952970288,971.0
TIME_USE,1,tv,2.7786124578994293,38.52188363616806,971.0
TIME_USE,1,mostly,1.8050755981889657,37.37584590858376,1084.0
TIME_USE,1,work,0.8538720523953582,36.55316310127801,2903.0
TIME_USE,1,across,3.0050636669821653,35.43025178837419,846.0
TIME_USE,1,breakfast,3.972788070480009,34.37815780424756,1076.0
TIME_USE,1,waking,3.2380734898618257,34.24353281630629,830.0
TIME_USE,1,started,2.903836409040636,33.51890069546343,746.0
TIME_USE,1,steady,2.686507943029282,33.4792169109416,730.0
TIME_USE,1,running,3.2446207194054306,33.37747694274694,790.0
TIME_USE,1,steps,2.4921740511469395,33.103026616740856,714.0
TIME_USE,1,learn,2.389232584585569,32.95092098871966,713.0
TIME_USE,1,home,1.5774549029061935,32.32129999201542,931.0
TIME_USE,1,interview,1.2226691146487436,32.23560900741999,1287.0
TIME_USE,1,evenings,0.9295068171026006,31.322008485109585,1854.0
TIME_USE,1,coffee,3.799896928377194,31.147072356951316,824.0
TIME_USE,1,rely,1.6244598814270024,30.920697294529443,825.0
TIME_USE,1,sometimes,1.5580111524079232,30.680257741934383,851.0
TIME_USE,1,lunch,2.224394876897156,29.49808637846586,586.0
TIME_USE,1,compared,3.55291125044738,29.344597657274026,669.0
TIME_USE,1,walking,4.293617528045157,29.3391200318056,908.0
TIME_USE,1,watching,2.044857163753923,28.179794955085423,560.0
TIME_USE,1,weekdays,5.06209627686442,28.12306716745713,1256.0
TIME_USE,1,wake,2.431914741673298,27.384638492736755,491.0
TIME_USE,1,flow,4.534038686816757,27.06867775333535,872.0
TIME_USE,1,consistent,3.1669427608071388,26.99383497015398,508.0
TIME_USE,1,midday,4.713738599262383,26.70249312344521,933.0
TIME_USE,1,walk,2.6759078520280735,26.39115402233801,454.0
TIME_USE,1,watch,2.5959063991358686,26.383810656308498,453.0
T4_CLEAR_PERSUASION,1,focus,2.3924896354037486,66.17198066232486,4759.0
T4_CLEAR_PERSUASION,1,sleep,1.6380206989147317,56.53123760716506,4125.0
T4_CLEAR_PERSUASION,1,minutes,2.278597870735851,55.59650491754313,3383.0
T4_CLEAR_PERSUASION,1,next,2.2255071973619245,54.89598113669095,3311.0
T4_CLEAR_PERSUASION,1,people,1.8029783736427945,50.839441155661966,3112.0
T4_CLEAR_PERSUASION,1,others,3.1799528297906914,47.64617939969442,2818.0
T4_CLEAR_PERSUASION,1,main,1.7793113489424552,43.50807990597566,2304.0
T4_CLEAR_PERSUASION,1,biggest,1.699243911157314,42.16616406355808,2238.0
T4_CLEAR_PERSUASION,1,daily,1.905828787557292,40.83020565095074,1947.0
T4_CLEAR_PERSUASION,1,apps,2.3652523713097597,39.88707663554327,1745.0
T4_CLEAR_PERSUASION,1,weeks,5.740588361162056,38.11962937669732,6540.0
T4_CLEAR_PERSUASION,1,set,1.5315501092767665,37.95052936924879,1983.0
T4_CLEAR_PERSUASION,1,losing,2.8118202915618884,36.376766235304224,1512.0
T4_CLEAR_PERSUASION,1,checking,1.3326522578324465,36.11361309723695,2076.0
T4_CLEAR_PERSUASION,1,least,3.1578985298988993,35.588645888119856,1569.0
T4_CLEAR_PERSUASION,1,better,1.4252950210488518,35.24547782727873,1838.0
T4_CLEAR_PERSUASION,1,exactly,2.407441375849027,33.881323317700065,1261.0
T4_CLEAR_PERSUASION,1,break,1.5945595330760725,33.7461281706315,1513.0
T4_CLEAR_PERSUASION,1,minute,2.5468140919032916,33.73639662871043,1258.0
T4_CLEAR_PERSUASION,1,app,2.099440574080509,33.07317946188924,1227.0
T4_CLEAR_PERSUASION,1,plan,0.9954315794485992,33.0103002007506,2532.0
T4_CLEAR_PERSUASION,1,back,0.7959583413927156,32.78095801082465,3502.0
T4_CLEAR_PERSUASION,1,pm,1.7653061015889389,32.765896742859645,1317.0
T4_CLEAR_PERSUASION,1,cut,1.1900721731903072,32.729693470942365,1955.0
T4_CLEAR_PERSUASION,1,benefits,1.813175343273009,32.25807330665073,1254.0
T4_CLEAR_PERSUASION,1,calm,2.459372463285185,32.202536380080744,1141.0
T4_CLEAR_PERSUASION,1,limits,2.0866962739073216,31.363207906087435,1106.0
T4_CLEAR_PERSUASION,1,willpower,2.406437917523336,29.51825413410663,958.0
T4_CLEAR_PERSUASION,1,affecting,2.303371714466774,29.093929863321627,932.0
T4_CLEAR_PERSUASION,1,limit,1.6486077621451614,29.023934291092967,1089.0
T4_CLEAR_PERSUASION,1,youtube,1.1299727755107494,28.79259800739506,1619.0
T4_CLEAR_PERSUASION,1,short,1.719124317939437,28.66343918182963,1028.0
T4_CLEAR_PERSUASION,1,many,2.418262184613912,28.49397632893308,893.0
T4_CLEAR_PERSUASION,1,reddit,1.924226317301436,28.40620034866678,940.0
T4_CLEAR_PERSUASION,1,quality,2.805757590507747,28.28575748317309,915.0
T4_CLEAR_PERSUASION,1,rule,4.65073491995741,28.185921294557335,1890.0
T4_CLEAR_PERSUASION,1,research,4.169187137462327,27.80048959911215,1433.0
T4_CLEAR_PERSUASION,1,suggests,2.4438677088573098,27.77284672648885,849.0
T4_CLEAR_PERSUASION,1,stressed,2.497317916798117,27.145700992091584,813.0
T4_CLEAR_PERSUASION,1,serious,4.100091331974761,26.960529049418387,1304.0
T4_CLEAR_PERSUASION,1,studies,3.120636260721618,26.92798485901976,891.0
T4_CLEAR_PERSUASION,1,spare,3.2106862063607977,26.759941145378715,903.0
T4_CLEAR_PERSUASION,1,worse,2.52972575764022,26.748463756432876,791.0
T4_CLEAR_PERSUASION,1,stop,1.6809887272621076,26.408250289702032,888.0
T4_CLEAR_PERSUASION,1,heavy,2.4556868007213506,26.216248277402105,757.0
T4_CLEAR_PERSUASION,2,time with,2.7544780924693733,64.46553026759453,4612.0
T4_CLEAR_PERSUASION,2,the next,2.6944150022507536,54.0160072327859,3220.0
T4_CLEAR_PERSUASION,2,the main,1.868463616563954,42.93973804067208,2154.0
T4_CLEAR_PERSUASION,2,sleep and,1.8593825672634685,35.940058664728205,1515.0
T4_CLEAR_PERSUASION,2,at least,3.227250407990466,35.41501010074231,1565.0
T4_CLEAR_PERSUASION,2,or time,4.610561579844854,33.61290041242223,2589.0
T4_CLEAR_PERSUASION,2,your focus,2.3172714427639427,31.439842278296272,1074.0
T4_CLEAR_PERSUASION,2,with others,4.978614914728658,31.425029195129376,2785.0
T4_CLEAR_PERSUASION,2,the biggest,1.3037417940065996,30.108102437278077,1468.0
T4_CLEAR_PERSUASION,2,break from,3.4785250350452177,28.60809048987179,1112.0
T4_CLEAR_PERSUASION,2,during work,3.0765160500448676,27.5359426545347,908.0
T4_CLEAR_PERSUASION,2,screen time,1.9566118758767104,27.44175084659218,860.0
T4_CLEAR_PERSUASION,2,from social,1.8194239719172616,27.40866836960214,894.0
T4_CLEAR_PERSUASION,2,to set,2.88764455586187,27.023336691313673,837.0
T4_CLEAR_PERSUASION,2,your sleep,1.5661000612534703,25.632113065452735,879.0
T4_CLEAR_PERSUASION,2,the evening,1.4335820523898877,25.627558896151555,958.0
T4_CLEAR_PERSUASION,2,to stop,2.3517738248316906,25.56470338333557,710.0
T4_CLEAR_PERSUASION,2,media or,2.481067805804986,25.558599294566807,711.0
T4_CLEAR_PERSUASION,2,fit your,2.4014641697368333,25.45907987108424,704.0
T4_CLEAR_PERSUASION,2,spending more,2.2059552211900346,25.445175910637673,709.0
T4_CLEAR_PERSUASION,2,notice it,2.5304379630554035,25.415326299030053,705.0
T4_CLEAR_PERSUASION,2,and spending,2.7403681164421414,25.15924548803037,707.0
T4_CLEAR_PERSUASION,2,quality time,3.544150096030844,25.004909830811503,871.0
T4_CLEAR_PERSUASION,2,time at,2.7713043928130237,24.812249554738983,691.0
T4_CLEAR_PERSUASION,2,minutes day,3.09767329707425,24.716834584104625,736.0
T4_CLEAR_PERSUASION,2,people who,3.0295121216648297,24.610613788797306,717.0
T4_CLEAR_PERSUASION,2,set the,3.851996000768894,24.379376098054788,939.0
T4_CLEAR_PERSUASION,2,and family,1.5113213384621478,24.30103785033983,817.0
T4_CLEAR_PERSUASION,2,at work,1.3891275813747832,24.151982784459705,880.0
T4_CLEAR_PERSUASION,2,summary of,1.7804733068099026,24.144706861106272,704.0
T1_MI_CHANGE,2,your social,1.0634682209163433,53.31050867009966,4776.0
T1_MI_CHANGE,2,you want,1.2222679888244734,52.965427571165385,3864.0
T1_MI_CHANGE,2,to reduce,1.510089272428594,43.90061678999438,2043.0
T1_MI_CHANGE,2,media use,1.169883865900884,42.68864249038379,2672.0
T1_MI_CHANGE,2,on social,1.367823365767757,38.78455265035865,1793.0
T1_MI_CHANGE,2,media time,1.2720434604382067,37.41542653895343,1832.0
T1_MI_CHANGE,2,reducing your,2.3982273019945275,35.54241159940461,979.0
T1_MI_CHANGE,2,person you,1.6396683823199505,35.40034920304219,1220.0
T1_MI_CHANGE,2,your life,1.6638222670248446,33.83537721060166,1099.0
T1_MI_CHANGE,2,time in,1.938626362874924,32.523437458711385,896.0
T1_MI_CHANGE,2,you've noticed,1.74737163975907,31.60515113794404,917.0
T1_MI_CHANGE,2,like zero,1.231237872487549,29.980885304438516,1230.0
T1_MI_CHANGE,2,lower number,1.227682069240123,29.93404771034034,1231.0
T1_MI_CHANGE,2,reduce your,1.0772975596389642,29.62288627562035,1452.0
T1_MI_CHANGE,2,you decided,1.3662994399335986,29.529782022250657,1042.0
T1_MI_CHANGE,2,decided to,1.3351166797810308,29.3405696234845,1059.0
T1_MI_CHANGE,2,not lower,1.1440642324699155,28.505101474265857,1232.0
T1_MI_CHANGE,2,of person,1.419256022820461,27.818861993344488,883.0
T1_MI_CHANGE,2,matters to,1.765243906618858,27.7692958461111,702.0
T1_MI_CHANGE,2,you successfully,2.1116095282584677,27.672900062296833,618.0
T1_MI_CHANGE,2,this conversation,2.878335025260345,27.24596831951008,591.0
T1_MI_CHANGE,2,changed habit,2.8201507441860656,27.196646430638403,584.0
T1_MI_CHANGE,2,typical day,3.147538808862853,26.83305387248472,605.0
T1_MI_CHANGE,2,you from,2.21976827992434,26.637036852064774,561.0
T1_MI_CHANGE,2,most important,4.802863521275873,26.41743500641575,1188.0
T1_MI_CHANGE,2,want to,0.6567184237038379,26.28000214667143,2566.0
T1_MI_CHANGE,2,from this,3.050998922575136,24.88280520138988,509.0
T1_MI_CHANGE,2,spend on,1.2526966974331517,24.88075831986935,828.0
T1_MI_CHANGE,2,change and,3.1152486485734165,24.312133712712782,493.0
T1_MI_CHANGE,2,leaves you,1.5516998463371383,23.568623073962453,573.0
T2_MI_AMBIVALENCE,2,same time,3.209428849762835,49.741446959097885,2232.0
T2_MI_AMBIVALENCE,2,number like,1.621628849756588,45.176280526278994,2092.0
T2_MI_AMBIVALENCE,2,media use,0.9885483555199652,36.024821376519306,2522.0
T2_MI_AMBIVALENCE,2,you enjoy,2.7498135673855213,30.750829789841596,783.0
T2_MI_AMBIVALENCE,2,time you,1.130626491621772,29.004244617668483,1342.0
T2_MI_AMBIVALENCE,2,your social,0.5825840913382567,28.319909875411675,3775.0
T2_MI_AMBIVALENCE,2,to mind,1.3899821051337824,28.189096995688377,966.0
T2_MI_AMBIVALENCE,2,time or,1.8971221013858577,27.553853452052035,684.0
T2_MI_AMBIVALENCE,2,not lower,1.1006714505699282,27.423942203479587,1247.0
T2_MI_AMBIVALENCE,2,especially in,1.8012578126976797,26.30874694625797,648.0
T2_MI_AMBIVALENCE,2,about social,1.2982611935003483,26.005499169871506,895.0
T2_MI_AMBIVALENCE,2,of social,1.9818485224534912,25.41479389616721,566.0
T2_MI_AMBIVALENCE,2,you'd miss,2.251491448626801,24.984341909798747,517.0
T2_MI_AMBIVALENCE,2,media helps,3.0835420506297737,24.978050948850136,548.0
T2_MI_AMBIVALENCE,2,lower number,1.0168209020071917,24.792709901183127,1146.0
T2_MI_AMBIVALENCE,2,like zero,1.0115601268056498,24.630901715068056,1140.0
T2_MI_AMBIVALENCE,2,values and,3.050579063781063,24.49206857082945,523.0
T2_MI_AMBIVALENCE,2,change for,2.6178191623829186,24.380284193365497,487.0
T2_MI_AMBIVALENCE,2,stands out,3.567443429395164,24.366347148615436,603.0
T2_MI_AMBIVALENCE,2,thanks for,2.0258702104982724,24.08308941519631,502.0
T2_MI_AMBIVALENCE,2,that matter,1.321066348581013,23.647393347906817,724.0
T2_MI_AMBIVALENCE,2,matter most,1.4294536084014346,23.594023983206437,655.0
T2_MI_AMBIVALENCE,2,miss if,1.3099622759416525,23.472431020127267,721.0
T2_MI_AMBIVALENCE,2,for confirming,2.9184209610578264,23.22137681698243,458.0
T2_MI_AMBIVALENCE,2,time it,3.3316766564391216,23.16695683693233,504.0
T2_MI_AMBIVALENCE,2,affects your,2.942238002276058,22.63330123896785,437.0
T2_MI_AMBIVALENCE,2,mind when,1.1325269784930256,21.672171548557763,748.0
T2_MI_AMBIVALENCE,2,goals that,1.347312144765274,21.664243455615185,593.0
T2_MI_AMBIVALENCE,2,stuck with,3.500302598781916,21.319938412156233,451.0
T2_MI_AMBIVALENCE,2,connection and,2.443125988684125,21.16615711325671,366.0
T1_MI_CHANGE,1,want,0.9573151810513938,47.615296425987424,4331.0
T1_MI_CHANGE,1,important,0.9935659166430462,45.38971784669534,3715.0
T1_MI_CHANGE,1,life,1.4062194925120917,42.675931058529834,2014.0
T1_MI_CHANGE,1,reducing,1.9079708297200304,39.733926696451626,1287.0
T1_MI_CHANGE,1,matters,1.9200669080899253,38.913991825846445,1229.0
T1_MI_CHANGE,1,reduce,1.1351824656965093,38.69323699020149,2212.0
T1_MI_CHANGE,1,person,1.6511811259592175,38.393330501974354,1363.0
T1_MI_CHANGE,1,changes,1.7351581271252137,33.47471619502866,989.0
T1_MI_CHANGE,1,supports,2.9597884028101475,32.767669706551075,815.0
T1_MI_CHANGE,1,noticed,1.5855127113555607,32.603601515246545,1026.0
T1_MI_CHANGE,1,present,1.772553366760949,32.468197194455165,913.0
T1_MI_CHANGE,1,zero,1.2643209562802156,31.863660189968503,1291.0
T1_MI_CHANGE,1,confidence,2.0111170476258025,31.422398518405295,778.0
T1_MI_CHANGE,1,decided,1.381667772459311,30.934176869388597,1084.0
T1_MI_CHANGE,1,doable,2.4845333733210726,30.628212911890373,686.0
T1_MI_CHANGE,1,lower,1.1985160929066403,30.480149279386964,1272.0
T1_MI_CHANGE,1,typical,1.6859184984214632,30.06328758217765,820.0
T1_MI_CHANGE,1,realistic,1.7451273835840695,29.6238380387683,771.0
T1_MI_CHANGE,1,successfully,2.0847704230766197,29.458728712683484,670.0
T1_MI_CHANGE,1,confident,0.7241999815203446,28.884947580957913,2542.0
T1_MI_CHANGE,1,best,3.184373806784164,28.585355020292155,651.0
T1_MI_CHANGE,1,ideas,1.807054511081418,27.54844031879256,647.0
T1_MI_CHANGE,1,yourself,1.1532391941892008,26.180886619633508,992.0
T1_MI_CHANGE,1,difficult,1.8322379083566087,25.494961200158752,548.0
T1_MI_CHANGE,1,line,4.248336757479445,24.886538839696456,738.0
T1_MI_CHANGE,1,leaves,1.540506123467205,24.47016461472304,597.0
T1_MI_CHANGE,1,different,1.7443230404321015,24.24421287413464,517.0
T1_MI_CHANGE,1,notice,0.8558863315381817,23.918164807683983,1316.0
T1_MI_CHANGE,1,productive,1.5409061332258869,23.765530002828495,563.0
T1_MI_CHANGE,1,habit,1.1317519997674008,23.67658460351863,834.0
T1_MI_CHANGE,1,changing,2.2903062629627424,23.346908996293063,405.0
T1_MI_CHANGE,1,away,0.9594392698117956,22.942322959011687,1007.0
T1_MI_CHANGE,1,changed,1.3429467617010715,22.74018673003272,608.0
T1_MI_CHANGE,1,effects,3.110388280530735,21.988881979233536,379.0
T1_MI_CHANGE,1,imagine,1.1797516055411048,21.89554223607322,672.0
T1_MI_CHANGE,1,wanting,1.8381442042139715,21.750625667786533,398.0
T1_MI_CHANGE,1,match,3.223230744488763,21.718003837814052,380.0
T1_MI_CHANGE,1,first,0.8044519486523516,21.707247654415937,1202.0
T1_MI_CHANGE,1,mind,0.927416230736613,21.66507217608937,948.0
T1_MI_CHANGE,1,pulls,1.4120934727880083,21.30208226768374,501.0
T1_MI_CHANGE,1,strengths,4.92936505392224,21.229802839077088,770.0
T1_MI_CHANGE,1,talk,1.0669544699843725,21.186473536607185,729.0
T1_MI_CHANGE,1,matter,1.0585866982042162,21.04637958034868,728.0
T1_MI_CHANGE,1,downsides,1.0420638197436958,20.981394760917663,741.0
T1_MI_CHANGE,1,negative,1.5525645049778056,20.70630397062818,424.0
T2_MI_AMBIVALENCE,1,number,1.654019515505702,46.62975965577355,2130.0
T2_MI_AMBIVALENCE,1,goals,1.8274977827571457,42.47365746159705,1622.0
T2_MI_AMBIVALENCE,1,miss,1.7275342069258528,40.90680018695548,1577.0
T2_MI_AMBIVALENCE,1,easy,2.152554408428072,37.97673829000682,1176.0
T2_MI_AMBIVALENCE,1,connected,1.9617463582410632,36.885121660396514,1165.0
T2_MI_AMBIVALENCE,1,enjoy,2.187642714585783,35.559346692111035,1025.0
T2_MI_AMBIVALENCE,1,connection,1.947218849086738,33.20026434610471,949.0
T2_MI_AMBIVALENCE,1,values,1.915787321087775,30.53823317911714,812.0
T2_MI_AMBIVALENCE,1,mind,1.281960580386352,30.19028090428619,1199.0
T2_MI_AMBIVALENCE,1,helpful,3.4737597258556576,29.525080607782694,826.0
T2_MI_AMBIVALENCE,1,lower,1.1345317128033194,28.85570143445911,1295.0
T2_MI_AMBIVALENCE,1,hand,5.394654635892143,27.535361254750693,1872.0
T2_MI_AMBIVALENCE,1,while,0.9811493475677118,26.4903147369893,1355.0
T2_MI_AMBIVALENCE,1,stuck,2.3041150845301175,26.186582386296244,548.0
T2_MI_AMBIVALENCE,1,adjust,2.7510337421387856,26.113048828022205,547.0
T2_MI_AMBIVALENCE,1,zero,1.015902234473444,25.567902948999407,1197.0
T2_MI_AMBIVALENCE,1,talking,2.061381723196863,25.49502587517632,542.0
T2_MI_AMBIVALENCE,1,pull,1.0803476313416116,25.10702749042826,1053.0
T2_MI_AMBIVALENCE,1,stands,3.5249537684256147,24.993129841825713,603.0
T2_MI_AMBIVALENCE,1,higher,4.59329344631564,24.88597978434612,967.0
T2_MI_AMBIVALENCE,1,hard,1.4971152009544273,24.76691220762313,669.0
T2_MI_AMBIVALENCE,1,content,1.622759712020935,24.38779609047892,596.0
T2_MI_AMBIVALENCE,1,downsides,1.2056345017753165,24.35694791369628,848.0
T2_MI_AMBIVALENCE,1,affects,2.502488924203231,24.265728110856763,466.0
T2_MI_AMBIVALENCE,1,consider,1.8453264728310828,24.26171438967612,527.0
T2_MI_AMBIVALENCE,1,add,1.1766898067187943,24.259831325094822,870.0
T2_MI_AMBIVALENCE,1,terms,2.735000092411589,24.17041951016398,468.0
T2_MI_AMBIVALENCE,1,confirming,2.9204367878029664,23.68298877677652,461.0
T2_MI_AMBIVALENCE,1,informed,2.360087155890225,23.38355719716341,435.0
T2_MI_AMBIVALENCE,1,thanks,1.6582685089804643,22.84056469142825,512.0
T2_MI_AMBIVALENCE,1,side,2.8277832863604857,22.767299858326343,420.0
T2_MI_AMBIVALENCE,1,value,1.479207670613306,22.48415564363413,559.0
T2_MI_AMBIVALENCE,1,matter,1.1257897698942738,22.459814624833747,794.0
T2_MI_AMBIVALENCE,1,staying,1.2067272616365852,22.407853995229317,717.0
T2_MI_AMBIVALENCE,1,decision,3.374555962859718,22.151769581516817,451.0
T2_MI_AMBIVALENCE,1,life,0.7403731942786482,22.140280797217564,1497.0
T2_MI_AMBIVALENCE,1,imagine,1.1588659550092633,21.51036186160948,699.0
T2_MI_AMBIVALENCE,1,stay,0.957798672599834,21.358106325630068,915.0
T2_MI_AMBIVALENCE,1,especially,0.6346623768641866,21.185332315594597,1789.0
T2_MI_AMBIVALENCE,1,decided,0.940950960064434,21.040224637581783,913.0
T2_MI_AMBIVALENCE,1,updates,1.9360305981473311,20.163256821278527,352.0
T2_MI_AMBIVALENCE,1,hope,4.313374070817929,20.152801933280468,550.0
T2_MI_AMBIVALENCE,1,talk,1.0106623723042727,20.098102653216824,746.0
T2_MI_AMBIVALENCE,1,reduced,3.3548491361349875,20.0398476021086,367.0
T2_MI_AMBIVALENCE,1,less,0.5988445746294477,19.829439699055037,1737.0
