seed,topic_id,topic_label,component_topic_ids,n_reference_docs,n_matched_docs,retention,precision,f1,jaccard,matched_seed_topic_ids,component_matches
7,0,Balancing Connection and Social Media Use,0,4660,5285,0.8536480686695279,0.7526963103122043,0.8,0.6666666666666666,0,0:0
7,1,Physical Strategies to Limit Phone Use,1,1883,1651,0.718534253850239,0.8195033313143549,0.765704584040747,0.6203576341127923,1,1:1
7,2,Social Media Impact on Energy and Productivity,2,1649,1518,0.7907822922983626,0.8590250329380764,0.8234922639722133,0.6999463231347289,2,2:2
7,3,Confidence in Changing Social Media Use,"3,8",2114,1717,0.640964995269631,0.7891671520093185,0.7073871051944663,0.5472536348949919,"5,8",3:5;8:8
7,4,Improving Focus and Productivity,4,1236,1229,0.698220064724919,0.7021969080553295,0.7002028397565923,0.5387016229712859,3,4:3
7,5,Daily Timing of Social Media Use,5,1092,1090,0.9212454212454212,0.9229357798165138,0.922089825847846,0.8554421768707483,4,5:4
7,6,Challenges in Changing Social Media Habits,6,651,651,0.5376344086021505,0.5376344086021505,0.5376344086021505,0.36764705882352944,7,6:7
7,7,Unproductive and Prolonged Scrolling,7,631,564,0.8684627575277337,0.9716312056737588,0.9171548117154811,0.8469860896445132,9,7:9
7,9,Challenges in Sustaining Personal Change,9,466,667,0.944206008583691,0.6596701649175413,0.7766990291262136,0.6349206349206349,6,9:6
7,10,App and Notification Use Management,10,384,460,0.921875,0.7695652173913043,0.8388625592417062,0.7224489795918367,10,10:10
7,11,Negative Content and Ad Intrusion,11,351,333,0.8518518518518519,0.8978978978978979,0.8742690058479531,0.7766233766233767,13,11:13
7,12,Confirmatory Statement,"12,14,16,27",803,1159,0.8057285180572852,0.5582398619499569,0.6595310907237514,0.4920152091254753,"8,12,15",12:12;14:8;16:15;27:None
7,13,Managing YouTube Viewing Time,13,322,365,0.8136645962732919,0.7178082191780822,0.7627365356622999,0.6164705882352941,11,13:11
7,15,Gradual Reduction of Social Media Use,15,236,229,0.8983050847457628,0.925764192139738,0.9118279569892472,0.8379446640316206,14,15:14
7,17,No Specific Thoughts or Ideas,17,135,118,0.837037037037037,0.9576271186440678,0.893280632411067,0.8071428571428572,18,17:18
7,18,Expressions of Uncertainty and Clarification,18,122,78,0.639344262295082,1.0,0.78,0.639344262295082,22,18:22
7,19,Preference for Gradual Social Media Reduction,19,110,128,0.9727272727272728,0.8359375,0.8991596638655464,0.816793893129771,17,19:17
7,20,Perceived Excessive Social Media Use,20,102,116,0.9215686274509803,0.8103448275862069,0.8623853211009175,0.7580645161290323,19,20:19
7,21,Reliance on Personal Willpower,21,88,92,0.9090909090909091,0.8695652173913043,0.888888888888889,0.8,20,21:20
7,22,Setting Limits on Phone Use,22,78,76,0.9615384615384616,0.9868421052631579,0.974025974025974,0.9493670886075949,24,22:24
7,23,Intentional Limited Social Media Checking,23,64,69,0.96875,0.8985507246376812,0.9323308270676692,0.8732394366197183,26,23:26
7,24,Use of App Blockers for Control,24,64,460,0.953125,0.13260869565217392,0.23282442748091603,0.13174946004319654,10,24:10
7,25,Perceived Productivity and Social Media Conflict,25,51,76,0.9215686274509803,0.618421052631579,0.7401574803149605,0.5875,23,25:23
7,26,Boredom and Attention States,26,48,59,0.9166666666666666,0.7457627118644068,0.822429906542056,0.6984126984126984,27,26:27
7,28,Managing Conversational Engagement,28,38,340,0.02631578947368421,0.0029411764705882353,0.005291005291005291,0.002652519893899204,12,28:12
13,0,Balancing Connection and Social Media Use,0,4660,4364,0.7109442060085837,0.7591659028414299,0.7342641843971631,0.5801085624233935,0,0:0
13,1,Physical Strategies to Limit Phone Use,1,1883,2206,0.8645778013807753,0.7379873073436083,0.7962827097089753,0.6615197074360016,2,1:2
13,2,Social Media Impact on Energy and Productivity,2,1649,2745,0.6567616737416616,0.3945355191256831,0.4929449248975876,0.32709151313802476,1,2:1
13,3,Confidence in Changing Social Media Use,"3,8",2114,2117,0.8623462630085147,0.8611242324043458,0.8617348144646657,0.7570598006644518,"3,8",3:3;8:8
13,4,Improving Focus and Productivity,4,1236,1167,0.6254045307443366,0.662382176520994,0.6433624635871827,0.4742331288343558,4,4:4
13,5,Daily Timing of Social Media Use,5,1092,2745,0.8882783882783882,0.3533697632058288,0.5056033359395361,0.3383327520055808,1,5:1
13,6,Challenges in Changing Social Media Habits,6,651,733,0.5529953917050692,0.49113233287858116,0.5202312138728323,0.3515625,5,6:5
13,7,Unproductive and Prolonged Scrolling,7,631,624,0.9350237717908082,0.9455128205128205,0.9402390438247011,0.8872180451127819,6,7:6
13,9,Challenges in Sustaining Personal Change,9,466,516,0.9506437768240343,0.8585271317829457,0.9022403258655805,0.8218923933209648,7,9:7
13,10,App and Notification Use Management,10,384,394,0.8880208333333334,0.8654822335025381,0.8766066838046274,0.7803203661327232,9,10:9
13,11,Negative Content and Ad Intrusion,11,351,311,0.811965811965812,0.9163987138263665,0.8610271903323262,0.7559681697612732,11,11:11
13,12,Confirmatory Statement,"12,14,16,27",803,1007,0.8866749688667497,0.7070506454816285,0.7867403314917126,0.6484517304189436,"8,12,14,27",12:12;14:8;16:14;27:27
13,13,Managing YouTube Viewing Time,13,322,321,0.7391304347826086,0.7414330218068536,0.7402799377916018,0.5876543209876544,10,13:10
13,15,Gradual Reduction of Social Media Use,15,236,220,0.864406779661017,0.9272727272727272,0.8947368421052632,0.8095238095238095,13,15:13
13,17,No Specific Thoughts or Ideas,17,135,123,0.8888888888888888,0.975609756097561,0.9302325581395349,0.8695652173913043,17,17:17
13,18,Expressions of Uncertainty and Clarification,18,122,121,0.9426229508196722,0.9504132231404959,0.9465020576131689,0.8984375,18,18:18
13,19,Preference for Gradual Social Media Reduction,19,110,143,0.9636363636363636,0.7412587412587412,0.8379446640316205,0.7210884353741497,16,19:16
13,20,Perceived Excessive Social Media Use,20,102,2745,0.9215686274509803,0.03424408014571949,0.06603442219880576,0.034144569560479475,1,20:1
13,21,Reliance on Personal Willpower,21,88,733,0.9204545454545454,0.11050477489768076,0.19732034104750304,0.10945945945945947,5,21:5
13,22,Setting Limits on Phone Use,22,78,74,0.8461538461538461,0.8918918918918919,0.868421052631579,0.7674418604651163,21,22:21
13,23,Intentional Limited Social Media Checking,23,64,69,0.9375,0.8695652173913043,0.9022556390977444,0.821917808219178,22,23:22
13,24,Use of App Blockers for Control,24,64,60,0.9375,1.0,0.967741935483871,0.9375,26,24:26
13,25,Perceived Productivity and Social Media Conflict,25,51,75,0.9411764705882353,0.64,0.7619047619047621,0.6153846153846154,20,25:20
13,26,Boredom and Attention States,26,48,60,0.9583333333333334,0.7666666666666667,0.8518518518518519,0.7419354838709677,25,26:25
13,28,Managing Conversational Engagement,28,38,0,0.0,0.0,0.0,0.0,,28:None
21,0,Balancing Connection and Social Media Use,0,4660,4934,0.5274678111587983,0.49817592217267936,0.5124035855743172,0.3444506726457399,0,0:0
21,1,Physical Strategies to Limit Phone Use,1,1883,4934,0.6648964418481147,0.25374949331171465,0.3673170016136131,0.22497753818508537,0,1:0
21,2,Social Media Impact on Energy and Productivity,2,1649,1988,0.6779866585809582,0.562374245472837,0.6147924113280175,0.44382691544263597,1,2:1
21,3,Confidence in Changing Social Media Use,"3,8",2114,2202,0.8727530747398297,0.837874659400545,0.8549582947173309,0.7466612707405909,"3,5",3:3;8:5
21,4,Improving Focus and Productivity,4,1236,517,0.3155339805825243,0.7543520309477756,0.44495151169423847,0.28613352898019073,8,4:8
21,5,Daily Timing of Social Media Use,5,1092,1120,0.9084249084249084,0.8857142857142857,0.8969258589511754,0.8131147540983606,4,5:4
21,6,Challenges in Changing Social Media Habits,6,651,1988,0.7572964669738863,0.24798792756539234,0.3736263736263736,0.22972972972972974,1,6:1
21,7,Unproductive and Prolonged Scrolling,7,631,561,0.8684627575277337,0.9768270944741533,0.9194630872483222,0.8509316770186336,7,7:7
21,9,Challenges in Sustaining Personal Change,9,466,462,0.907725321888412,0.9155844155844156,0.9116379310344827,0.8376237623762376,9,9:9
21,10,App and Notification Use Management,10,384,195,0.3046875,0.6,0.40414507772020725,0.2532467532467532,16,10:16
21,11,Negative Content and Ad Intrusion,11,351,330,0.6809116809116809,0.7242424242424242,0.7019089574155654,0.5407239819004525,11,11:11
21,12,Confirmatory Statement,"12,14,16,27",803,1089,0.8580323785803238,0.6326905417814509,0.7283298097251586,0.572734829592685,"5,13,17,28",12:13;14:5;16:17;27:28
21,13,Managing YouTube Viewing Time,13,322,303,0.8136645962732919,0.8646864686468647,0.8384000000000001,0.721763085399449,12,13:12
21,15,Gradual Reduction of Social Media Use,15,236,202,0.8177966101694916,0.9554455445544554,0.8812785388127854,0.7877551020408163,15,15:15
21,17,No Specific Thoughts or Ideas,17,135,147,0.9111111111111111,0.8367346938775511,0.8723404255319148,0.7735849056603774,19,17:19
21,18,Expressions of Uncertainty and Clarification,18,122,116,0.9344262295081968,0.9827586206896551,0.9579831932773109,0.9193548387096774,22,18:22
21,19,Preference for Gradual Social Media Reduction,19,110,143,0.9545454545454546,0.7342657342657343,0.8300395256916996,0.7094594594594594,20,19:20
21,20,Perceived Excessive Social Media Use,20,102,338,0.9313725490196079,0.28106508875739644,0.43181818181818177,0.2753623188405797,10,20:10
21,21,Reliance on Personal Willpower,21,88,85,0.9318181818181818,0.9647058823529412,0.9479768786127167,0.9010989010989011,24,21:24
21,22,Setting Limits on Phone Use,22,78,268,0.9487179487179487,0.27611940298507465,0.4277456647398844,0.27205882352941174,14,22:14
21,23,Intentional Limited Social Media Checking,23,64,94,0.9375,0.6382978723404256,0.759493670886076,0.6122448979591837,23,23:23
21,24,Use of App Blockers for Control,24,64,195,0.96875,0.31794871794871793,0.4787644787644787,0.3147208121827411,16,24:16
21,25,Perceived Productivity and Social Media Conflict,25,51,73,0.9215686274509803,0.6438356164383562,0.7580645161290323,0.6103896103896104,25,25:25
21,26,Boredom and Attention States,26,48,517,0.9375,0.08704061895551257,0.15929203539823006,0.08653846153846154,8,26:8
21,28,Managing Conversational Engagement,28,38,585,0.15789473684210525,0.010256410256410256,0.01926163723916533,0.009724473257698542,5,28:5
42,0,Balancing Connection and Social Media Use,0,4660,5252,0.8484978540772532,0.7528560548362528,0.7978208232445521,0.6636455186304129,0,0:0
42,1,Physical Strategies to Limit Phone Use,1,1883,1583,0.7041954328199681,0.8376500315855969,0.7651471436814772,0.6196261682242991,3,1:3
42,2,Social Media Impact on Energy and Productivity,2,1649,1672,0.7004244996967859,0.6907894736842105,0.6955736224028907,0.5332409972299169,1,2:1
42,3,Confidence in Changing Social Media Use,"3,8",2114,1918,0.8869441816461684,0.9775808133472367,0.9300595238095238,0.8692628650904033,"2,13",3:2;8:13
42,4,Improving Focus and Productivity,4,1236,1379,0.7233009708737864,0.6482958665699783,0.6837476099426386,0.5194654270772806,4,4:4
42,5,Daily Timing of Social Media Use,5,1092,1087,0.8635531135531136,0.8675252989880404,0.8655346489215237,0.7629449838187702,5,5:5
42,6,Challenges in Changing Social Media Habits,6,651,576,0.576036866359447,0.6510416666666666,0.6112469437652811,0.44014084507042256,7,6:7
42,7,Unproductive and Prolonged Scrolling,7,631,958,0.9334389857369255,0.6148225469728601,0.7413467589679043,0.589,6,7:6
42,9,Challenges in Sustaining Personal Change,9,466,510,0.9592274678111588,0.8764705882352941,0.9159836065573771,0.8449905482041588,8,9:8
42,10,App and Notification Use Management,10,384,353,0.8333333333333334,0.9065155807365439,0.8683853459972862,0.7673860911270983,9,10:9
42,11,Negative Content and Ad Intrusion,11,351,341,0.6495726495726496,0.6686217008797654,0.6589595375722543,0.49137931034482757,12,11:12
42,12,Confirmatory Statement,"12,14,16,27",803,825,0.8530510585305106,0.8303030303030303,0.8415233415233414,0.7264050901378579,"11,14,16,26",12:11;14:14;16:16;27:26
42,13,Managing YouTube Viewing Time,13,322,958,0.8105590062111802,0.27244258872651356,0.4078125,0.2561334641805692,6,13:6
42,15,Gradual Reduction of Social Media Use,15,236,244,0.902542372881356,0.8729508196721312,0.8875,0.797752808988764,15,15:15
42,17,No Specific Thoughts or Ideas,17,135,114,0.8,0.9473684210526315,0.8674698795180723,0.7659574468085106,21,17:21
42,18,Expressions of Uncertainty and Clarification,18,122,118,0.9426229508196722,0.9745762711864406,0.9583333333333334,0.92,20,18:20
42,19,Preference for Gradual Social Media Reduction,19,110,142,0.8818181818181818,0.6830985915492958,0.7698412698412699,0.6258064516129033,19,19:19
42,20,Perceived Excessive Social Media Use,20,102,1672,0.9117647058823529,0.05562200956937799,0.104847801578354,0.055324211778703156,1,20:1
42,21,Reliance on Personal Willpower,21,88,81,0.8522727272727273,0.9259259259259259,0.8875739644970415,0.7978723404255319,22,21:22
42,22,Setting Limits on Phone Use,22,78,148,0.9743589743589743,0.5135135135135135,0.6725663716814159,0.5066666666666667,18,22:18
42,23,Intentional Limited Social Media Checking,23,64,1087,0.984375,0.05795768169273229,0.10947002606429193,0.057904411764705885,5,23:5
42,24,Use of App Blockers for Control,24,64,148,0.921875,0.39864864864864863,0.5566037735849056,0.38562091503267976,18,24:18
42,25,Perceived Productivity and Social Media Conflict,25,51,54,0.5882352941176471,0.5555555555555556,0.5714285714285715,0.4,24,25:24
42,26,Boredom and Attention States,26,48,63,0.9791666666666666,0.746031746031746,0.846846846846847,0.734375,23,26:23
42,28,Managing Conversational Engagement,28,38,33,0.8421052631578947,0.9696969696969697,0.9014084507042254,0.8205128205128205,27,28:27
99,0,Balancing Connection and Social Media Use,0,4660,5295,0.8008583690987124,0.7048158640226629,0.7497739829231541,0.599710750441909,0,0:0
99,1,Physical Strategies to Limit Phone Use,1,1883,1893,0.8236856080722251,0.8193343898573693,0.8215042372881356,0.6970786516853933,1,1:1
99,2,Social Media Impact on Energy and Productivity,2,1649,1884,0.5761067313523347,0.5042462845010616,0.537786583639966,0.3677893921796361,2,2:2
99,3,Confidence in Changing Social Media Use,"3,8",2114,1928,0.8883632923368022,0.9740663900414938,0.929242949035131,0.8678373382624769,"3,10",3:3;8:10
99,4,Improving Focus and Productivity,4,1236,1254,0.7289644012944984,0.7185007974481659,0.7236947791164657,0.5670232850849591,4,4:4
99,5,Daily Timing of Social Media Use,5,1092,1047,0.9056776556776557,0.944603629417383,0.924731182795699,0.86,5,5:5
99,6,Challenges in Changing Social Media Habits,6,651,1884,0.8033794162826421,0.2776008492569002,0.4126232741617357,0.2599403578528827,2,6:2
99,7,Unproductive and Prolonged Scrolling,7,631,611,0.9096671949286846,0.939443535188216,0.9243156199677938,0.8592814371257484,6,7:6
99,9,Challenges in Sustaining Personal Change,9,466,508,0.9291845493562232,0.8523622047244095,0.8891170431211499,0.800369685767098,7,9:7
99,10,App and Notification Use Management,10,384,206,0.3125,0.5825242718446602,0.4067796610169491,0.2553191489361702,14,10:14
99,11,Negative Content and Ad Intrusion,11,351,5295,0.886039886039886,0.05873465533522191,0.11016648955012398,0.05829428303655108,0,11:0
99,12,Confirmatory Statement,"12,14,16,27",803,723,0.8094645080946451,0.8990318118948825,0.8519003931847969,0.7420091324200914,"11,13,19,27",12:13;14:11;16:19;27:27
99,13,Managing YouTube Viewing Time,13,322,404,0.8198757763975155,0.6534653465346535,0.7272727272727273,0.5714285714285714,8,13:8
99,15,Gradual Reduction of Social Media Use,15,236,315,0.9533898305084746,0.7142857142857143,0.8166969147005445,0.6901840490797546,9,15:9
99,17,No Specific Thoughts or Ideas,17,135,137,0.9777777777777777,0.9635036496350365,0.9705882352941176,0.9428571428571428,17,17:17
99,18,Expressions of Uncertainty and Clarification,18,122,73,0.5983606557377049,1.0,0.7487179487179486,0.5983606557377049,22,18:22
99,19,Preference for Gradual Social Media Reduction,19,110,148,0.9727272727272728,0.722972972972973,0.8294573643410853,0.7086092715231788,16,19:16
99,20,Perceived Excessive Social Media Use,20,102,102,0.9117647058823529,0.9117647058823529,0.9117647058823528,0.8378378378378378,20,20:20
99,21,Reliance on Personal Willpower,21,88,85,0.9090909090909091,0.9411764705882353,0.9248554913294799,0.8602150537634409,21,21:21
99,22,Setting Limits on Phone Use,22,78,51,0.6025641025641025,0.9215686274509803,0.7286821705426356,0.573170731707317,24,22:24
99,23,Intentional Limited Social Media Checking,23,64,266,0.953125,0.22932330827067668,0.3696969696969697,0.22676579925650558,12,23:12
99,24,Use of App Blockers for Control,24,64,206,0.984375,0.3058252427184466,0.4666666666666666,0.30434782608695654,14,24:14
99,25,Perceived Productivity and Social Media Conflict,25,51,155,0.9803921568627451,0.3225806451612903,0.48543689320388345,0.32051282051282054,15,25:15
99,26,Boredom and Attention States,26,48,58,0.9791666666666666,0.8103448275862069,0.8867924528301887,0.7966101694915254,23,26:23
99,28,Managing Conversational Engagement,28,38,296,0.18421052631578946,0.02364864864864865,0.041916167664670656,0.021406727828746176,11,28:11
123,0,Balancing Connection and Social Media Use,0,4660,4820,0.5476394849785408,0.5294605809128631,0.5383966244725739,0.3683602771362587,0,0:0
123,1,Physical Strategies to Limit Phone Use,1,1883,4820,0.648964418481147,0.25352697095435683,0.3646128599134716,0.22295201605546433,0,1:0
123,2,Social Media Impact on Energy and Productivity,2,1649,2378,0.6464523953911462,0.4482758620689655,0.5294263719890737,0.36001350894967915,1,2:1
123,3,Confidence in Changing Social Media Use,"3,8",2114,1745,0.8159886471144749,0.9885386819484241,0.8940139932625033,0.8083411433926898,"2,21",3:2;8:21
123,4,Improving Focus and Productivity,4,1236,347,0.25,0.8904899135446686,0.3903979785217941,0.2425431711145997,9,4:9
123,5,Daily Timing of Social Media Use,5,1092,2378,0.858058608058608,0.3940285954583684,0.5400576368876081,0.36991709435452036,1,5:1
123,6,Challenges in Changing Social Media Habits,6,651,1236,0.8832565284178188,0.465210355987055,0.6094329623741388,0.4382621951219512,4,6:4
123,7,Unproductive and Prolonged Scrolling,7,631,562,0.873217115689382,0.9804270462633452,0.9237217099748533,0.8582554517133957,6,7:6
123,9,Challenges in Sustaining Personal Change,9,466,487,0.927038626609442,0.8870636550308009,0.9066107030430222,0.8291746641074856,7,9:7
123,10,App and Notification Use Management,10,384,446,0.9114583333333334,0.7847533632286996,0.8433734939759038,0.7291666666666666,8,10:8
123,11,Negative Content and Ad Intrusion,11,351,293,0.7692307692307693,0.9215017064846417,0.8385093167701865,0.7219251336898396,11,11:11
123,12,Confirmatory Statement,"12,14,16,27",803,766,0.8816936488169365,0.9242819843342036,0.9024856596558317,0.8222996515679443,"10,13,15,25",12:10;14:13;16:15;27:25
123,13,Managing YouTube Viewing Time,13,322,1462,0.7919254658385093,0.1744186046511628,0.2858744394618834,0.16677567037279267,3,13:3
123,15,Gradual Reduction of Social Media Use,15,236,231,0.9110169491525424,0.9307359307359307,0.9207708779443254,0.8531746031746031,14,15:14
123,17,No Specific Thoughts or Ideas,17,135,161,0.9333333333333333,0.782608695652174,0.8513513513513513,0.7411764705882353,16,17:16
123,18,Expressions of Uncertainty and Clarification,18,122,119,0.9344262295081968,0.957983193277311,0.9460580912863071,0.8976377952755905,22,18:22
123,19,Preference for Gradual Social Media Reduction,19,110,146,0.9727272727272728,0.7328767123287672,0.8359375000000001,0.7181208053691275,19,19:19
123,20,Perceived Excessive Social Media Use,20,102,101,0.9215686274509803,0.9306930693069307,0.9261083743842364,0.8623853211009175,23,20:23
123,21,Reliance on Personal Willpower,21,88,1236,0.9090909090909091,0.06472491909385113,0.12084592145015105,0.06430868167202572,4,21:4
123,22,Setting Limits on Phone Use,22,78,279,0.6025641025641025,0.16845878136200718,0.26330532212885155,0.15161290322580645,12,22:12
123,23,Intentional Limited Social Media Checking,23,64,2378,0.9375,0.025231286795626577,0.04914004914004914,0.02518891687657431,1,23:1
123,24,Use of App Blockers for Control,24,64,446,0.921875,0.13228699551569506,0.23137254901960783,0.13082039911308205,8,24:8
123,25,Perceived Productivity and Social Media Conflict,25,51,143,0.9607843137254902,0.34265734265734266,0.5051546391752577,0.33793103448275863,20,25:20
123,26,Boredom and Attention States,26,48,74,0.9583333333333334,0.6216216216216216,0.7540983606557377,0.6052631578947368,24,26:24
123,28,Managing Conversational Engagement,28,38,254,0.15789473684210525,0.023622047244094488,0.0410958904109589,0.02097902097902098,13,28:13
256,0,Balancing Connection and Social Media Use,0,4660,4840,0.6083690987124464,0.5857438016528925,0.596842105263158,0.4253563390847712,0,0:0
256,1,Physical Strategies to Limit Phone Use,1,1883,1601,0.5066383430695698,0.5958775765146783,0.5476463834672789,0.37707509881422924,3,1:3
256,2,Social Media Impact on Energy and Productivity,2,1649,1726,0.7810794420861128,0.746234067207416,0.7632592592592592,0.6171538092956397,1,2:1
256,3,Confidence in Changing Social Media Use,"3,8",2114,1962,0.902081362346263,0.971967380224261,0.935721295387635,0.8792070078377132,"2,11",3:2;8:11
256,4,Improving Focus and Productivity,4,1236,358,0.26294498381877024,0.9078212290502793,0.40777917189460483,0.256107171000788,10,4:10
256,5,Daily Timing of Social Media Use,5,1092,1262,0.9294871794871795,0.8042789223454834,0.8623619371282923,0.7580283793876027,4,5:4
256,6,Challenges in Changing Social Media Habits,6,651,641,0.6021505376344086,0.6115444617784711,0.6068111455108359,0.43555555555555553,6,6:6
256,7,Unproductive and Prolonged Scrolling,7,631,570,0.8526148969889065,0.9438596491228071,0.8959200666111574,0.8114630467571644,7,7:7
256,9,Challenges in Sustaining Personal Change,9,466,467,0.907725321888412,0.9057815845824411,0.9067524115755627,0.8294117647058824,8,9:8
256,10,App and Notification Use Management,10,384,1601,0.8307291666666666,0.19925046845721425,0.3214105793450882,0.1914765906362545,3,10:3
256,11,Negative Content and Ad Intrusion,11,351,293,0.7834757834757835,0.9385665529010239,0.8540372670807453,0.7452574525745257,13,11:13
256,12,Confirmatory Statement,"12,14,16,27",803,649,0.7584059775840598,0.938366718027735,0.8388429752066116,0.7224199288256228,"14,15,18,25",12:14;14:15;16:18;27:25
256,13,Managing YouTube Viewing Time,13,322,312,0.7919254658385093,0.8173076923076923,0.804416403785489,0.6728232189973615,12,13:12
256,15,Gradual Reduction of Social Media Use,15,236,220,0.8813559322033898,0.9454545454545454,0.9122807017543859,0.8387096774193549,16,15:16
256,17,No Specific Thoughts or Ideas,17,135,95,0.6814814814814815,0.968421052631579,0.8,0.6666666666666666,22,17:22
256,18,Expressions of Uncertainty and Clarification,18,122,118,0.9590163934426229,0.9915254237288136,0.9749999999999999,0.9512195121951219,19,18:19
256,19,Preference for Gradual Social Media Reduction,19,110,143,0.9636363636363636,0.7412587412587412,0.8379446640316205,0.7210884353741497,17,19:17
256,20,Perceived Excessive Social Media Use,20,102,102,0.9215686274509803,0.9215686274509803,0.9215686274509803,0.8545454545454545,21,20:21
256,21,Reliance on Personal Willpower,21,88,641,0.9545454545454546,0.1310452418096724,0.23045267489711938,0.13023255813953488,6,21:6
256,22,Setting Limits on Phone Use,22,78,1601,0.9743589743589743,0.047470331043098064,0.09053007742703992,0.047411104179663134,3,22:3
256,23,Intentional Limited Social Media Checking,23,64,118,0.9375,0.5084745762711864,0.6593406593406593,0.4918032786885246,20,23:20
256,24,Use of App Blockers for Control,24,64,1601,0.984375,0.03935040599625234,0.07567567567567567,0.03932584269662921,3,24:3
256,25,Perceived Productivity and Social Media Conflict,25,51,78,0.9411764705882353,0.6153846153846154,0.744186046511628,0.5925925925925926,23,25:23
256,26,Boredom and Attention States,26,48,972,0.9583333333333334,0.047325102880658436,0.09019607843137255,0.04722792607802875,5,26:5
256,28,Managing Conversational Engagement,28,38,35,0.8947368421052632,0.9714285714285714,0.9315068493150684,0.8717948717948718,26,28:26
314,0,Balancing Connection and Social Media Use,0,4660,5444,0.8912017167381975,0.7628581925055107,0.8220506730007918,0.6978659048899345,0,0:0
314,1,Physical Strategies to Limit Phone Use,1,1883,1919,0.8178438661710037,0.8025013027618552,0.8100999473961074,0.6808134394341291,1,1:1
314,2,Social Media Impact on Energy and Productivity,2,1649,1812,0.8823529411764706,0.8029801324503312,0.8407974573822595,0.7253240279162513,2,2:2
314,3,Confidence in Changing Social Media Use,"3,8",2114,1944,0.8940397350993378,0.9722222222222222,0.9314933464760966,0.8717712177121771,"3,12",3:3;8:12
314,4,Improving Focus and Productivity,4,1236,1435,0.7168284789644013,0.6174216027874564,0.6634219393485585,0.49635854341736696,4,4:4
314,5,Daily Timing of Social Media Use,5,1092,895,0.739010989010989,0.9016759776536313,0.8122798188223452,0.6838983050847458,5,5:5
314,6,Challenges in Changing Social Media Habits,6,651,678,0.565284178187404,0.5427728613569321,0.5537998495109104,0.3829344432882414,6,6:6
314,7,Unproductive and Prolonged Scrolling,7,631,585,0.8858954041204438,0.9555555555555556,0.919407894736842,0.8508371385083714,7,7:7
314,9,Challenges in Sustaining Personal Change,9,466,451,0.8841201716738197,0.9135254988913526,0.8985823336968374,0.8158415841584158,8,9:8
314,10,App and Notification Use Management,10,384,388,0.90625,0.8969072164948454,0.9015544041450777,0.8207547169811321,10,10:10
314,11,Negative Content and Ad Intrusion,11,351,312,0.7863247863247863,0.8846153846153846,0.832579185520362,0.7131782945736435,13,11:13
314,12,Confirmatory Statement,"12,14,16,27",803,887,0.9651307596513076,0.8737316798196166,0.9171597633136094,0.8469945355191257,"9,15,17,26",12:9;14:15;16:17;27:26
314,13,Managing YouTube Viewing Time,13,322,348,0.8913043478260869,0.8247126436781609,0.8567164179104477,0.7493472584856397,11,13:11
314,15,Gradual Reduction of Social Media Use,15,236,275,0.9110169491525424,0.7818181818181819,0.8414872798434443,0.7263513513513513,14,15:14
314,17,No Specific Thoughts or Ideas,17,135,134,0.9629629629629629,0.9701492537313433,0.966542750929368,0.935251798561151,19,17:19
314,18,Expressions of Uncertainty and Clarification,18,122,119,0.9344262295081968,0.957983193277311,0.9460580912863071,0.8976377952755905,20,18:20
314,19,Preference for Gradual Social Media Reduction,19,110,147,0.9818181818181818,0.7346938775510204,0.8404669260700389,0.7248322147651006,18,19:18
314,20,Perceived Excessive Social Media Use,20,102,106,0.9313725490196079,0.8962264150943396,0.9134615384615385,0.8407079646017699,21,20:21
314,21,Reliance on Personal Willpower,21,88,678,0.9318181818181818,0.12094395280235988,0.21409921671018275,0.11988304093567251,6,21:6
314,22,Setting Limits on Phone Use,22,78,77,0.9743589743589743,0.987012987012987,0.9806451612903225,0.9620253164556962,23,22:23
314,23,Intentional Limited Social Media Checking,23,64,895,0.953125,0.06815642458100558,0.12721584984358705,0.06792873051224944,5,23:5
314,24,Use of App Blockers for Control,24,64,60,0.921875,0.9833333333333333,0.9516129032258064,0.9076923076923077,25,24:25
314,25,Perceived Productivity and Social Media Conflict,25,51,84,0.9607843137254902,0.5833333333333334,0.7259259259259259,0.5697674418604651,22,25:22
314,26,Boredom and Attention States,26,48,68,0.9791666666666666,0.6911764705882353,0.8103448275862069,0.6811594202898551,24,26:24
314,28,Managing Conversational Engagement,28,38,257,0.13157894736842105,0.019455252918287938,0.033898305084745756,0.017241379310344827,15,28:15
500,0,Balancing Connection and Social Media Use,0,4660,5470,0.8626609442060086,0.7349177330895795,0.7936821322803554,0.6579378068739771,0,0:0
500,1,Physical Strategies to Limit Phone Use,1,1883,1313,0.5480616038236856,0.785986290936786,0.6458072590738423,0.47689463955637706,2,1:2
500,2,Social Media Impact on Energy and Productivity,2,1649,1282,0.6403881140084899,0.8237129485179407,0.7205731832139203,0.5632,4,2:4
500,3,Confidence in Changing Social Media Use,"3,8",2114,2201,0.8850520340586566,0.850068150840527,0.86720741599073,0.7655482815057283,"1,8",3:1;8:8
500,4,Improving Focus and Productivity,4,1236,1300,0.7872168284789643,0.7484615384615385,0.7673501577287067,0.6225207933461292,3,4:3
500,5,Daily Timing of Social Media Use,5,1092,1149,0.8571428571428571,0.814621409921671,0.8353413654618473,0.7172413793103448,5,5:5
500,6,Challenges in Changing Social Media Habits,6,651,713,0.7542242703533026,0.6886395511921458,0.719941348973607,0.5624284077892325,6,6:6
500,7,Unproductive and Prolonged Scrolling,7,631,603,0.9223454833597464,0.9651741293532339,0.9432739059967585,0.8926380368098159,7,7:7
500,9,Challenges in Sustaining Personal Change,9,466,497,0.9377682403433476,0.8792756539235412,0.9075804776739356,0.8307984790874525,9,9:9
500,10,App and Notification Use Management,10,384,283,0.6692708333333334,0.9081272084805654,0.7706146926536732,0.6268292682926829,13,10:13
500,11,Negative Content and Ad Intrusion,11,351,333,0.8461538461538461,0.8918918918918919,0.868421052631579,0.7674418604651163,10,11:10
500,12,Confirmatory Statement,"12,14,16,27",803,1069,0.8318804483188045,0.6248830682881198,0.7136752136752136,0.5548172757475083,"8,12,15",12:12;14:8;16:15;27:None
500,13,Managing YouTube Viewing Time,13,322,307,0.7453416149068323,0.7817589576547231,0.7631160572337043,0.6169665809768637,11,13:11
500,15,Gradual Reduction of Social Media Use,15,236,239,0.8305084745762712,0.8200836820083682,0.8252631578947368,0.7025089605734767,14,15:14
500,17,No Specific Thoughts or Ideas,17,135,104,0.7333333333333333,0.9519230769230769,0.8284518828451883,0.7071428571428572,23,17:23
500,18,Expressions of Uncertainty and Clarification,18,122,129,0.9426229508196722,0.8914728682170543,0.9163346613545817,0.8455882352941176,20,18:20
500,19,Preference for Gradual Social Media Reduction,19,110,165,1.0,0.6666666666666666,0.8,0.6666666666666666,18,19:18
500,20,Perceived Excessive Social Media Use,20,102,107,0.9215686274509803,0.8785046728971962,0.8995215311004785,0.8173913043478261,22,20:22
500,21,Reliance on Personal Willpower,21,88,713,0.9204545454545454,0.11360448807854137,0.20224719101123595,0.1125,6,21:6
500,22,Setting Limits on Phone Use,22,78,1313,0.9743589743589743,0.057882711348057884,0.10927390366642703,0.05779467680608365,2,22:2
500,23,Intentional Limited Social Media Checking,23,64,1149,0.96875,0.053959965187119235,0.10222588623248145,0.05386620330147698,5,23:5
500,24,Use of App Blockers for Control,24,64,64,0.9375,0.9375,0.9375,0.8823529411764706,27,24:27
500,25,Perceived Productivity and Social Media Conflict,25,51,149,0.9411764705882353,0.3221476510067114,0.4799999999999999,0.3157894736842105,19,25:19
500,26,Boredom and Attention States,26,48,67,0.9791666666666666,0.7014925373134329,0.8173913043478261,0.6911764705882353,26,26:26
500,28,Managing Conversational Engagement,28,38,587,0.15789473684210525,0.010221465076660987,0.0192,0.009693053311793215,8,28:8
