user_id_raw,T
61079051,0
90500087,3
47586770,3
18420716,0
86113900,0
39299191,2
78832977,1
59798525,0
84479039,2
90877943,3
24621209,2
95018187,0
33246912,3
11799545,0
25738540,2
67029227,1
61604427,1
2041438,1
71012130,2
53785978,2
68919971,3
4926431,2
73787448,1
34564594,3
99725930,3
11965241,0
49516810,2
69935489,1
45741223,1
47432401,1
60089602,0
70205637,3
95619025,0
52366006,3
16956222,0
82819439,3
95531422,0
93880277,0
41700157,1
87089209,2
62235773,1
17016195,3
71593717,0
15934284,1
45213242,0
96899331,2
24073592,0
16201229,0
76455616,1
91911845,2
63905393,3
13196760,1
75343273,1
27248664,3
76408922,2
62986822,0
10895598,3
31547379,3
87093714,0
79511870,1
48568070,2
34355177,0
89172838,2
5412457,2
32085500,1
99232563,0
28386505,1
7113383,2
87376491,1
48589688,0
66844870,1
15014386,0
70718506,1
20939203,2
86617461,3
93195554,1
25300174,3
97801637,3
80038969,1
43340022,1
70357434,2
2102010,0
38910290,1
84945319,3
30226184,2
84419569,1
31218985,0
9399834,3
33908285,0
44648579,3
18501520,0
71429386,3
63832372,0
99861828,2
18890216,0
98702811,1
8052091,2
63182836,3
47806422,2
82382382,1
75340530,2
63716026,2
59734126,3
96071409,0
83912433,1
67670878,3
37591486,0
89587096,0
18262974,1
47753200,1
28874009,1
77829110,3
61368173,2
37882335,2
28941069,2
15060880,0
89036267,1
89897268,3
21202731,3
64038485,0
23398424,1
74939272,3
96729000,2
32402932,2
84250892,2
84987978,2
55465565,2
43280925,1
12729718,2
59292319,1
98283318,3
62855884,3
8710251,0
8281137,3
23299390,2
64955510,3
32277027,3
52520973,1
5597520,3
48587745,1
37936336,1
55814604,2
25404911,1
16921776,3
68024721,3
56955631,1
20397977,2
55751506,3
42167271,3
79796109,1
44156368,1
70066492,0
20179369,0
18844011,0
38047749,1
2837871,1
34602935,0
62074140,2
90606633,2
1936312,0
92732107,0
10724474,3
92046265,2
15302384,2
1406048,3
56935924,0
6635117,2
73364606,3
29149131,2
57766650,3
98075999,1
85292120,2
1873046,0
57054209,2
16236448,2
26135189,2
30459785,2
29940517,3
55895010,3
72378313,2
96662871,1
3762036,0
21714839,1
75764278,2
26939983,1
10986543,1
52735233,1
82144178,3
18103171,0
58543683,0
52798989,2
22910626,2
91489130,1
28787805,3
34300295,2
6694720,0
73363170,1
17483628,1
89874527,0
75682217,2
66798514,3
49367711,1
35240470,3
67420118,1
17624341,1
71356663,0
96261119,2
35888340,0
46885196,0
9891168,2
30797946,2
83298413,1
84164096,3
99887927,0
62588090,1
71953819,0
54279681,3
56177768,1
51233705,2
4574740,2
91218758,1
76684834,1
79502778,0
12594213,3
41750532,3
95703799,3
13656121,1
77906440,2
79323120,1
85672762,2
69811021,1
88318293,0
78548838,2
62437606,1
20281538,0
45583339,1
73278561,0
92413923,2
4525725,2
98122003,1
91202226,1
11333184,2
17957435,2
57678645,3
56480363,2
6561966,3
48039501,2
64489391,1
61526386,3
57881074,3
91992796,3
21991802,3
17082210,3
17018826,3
60329988,2
28972082,2
86423920,0
65685801,3
58166503,1
73275913,2
44605682,1
21001762,2
20747992,1
75995926,0
6229713,3
4232145,3
88172034,3
35826981,1
77456304,0
36656880,1
50137937,1
4557830,1
91206762,3
67513028,3
81679924,2
15311298,3
40893802,1
43893202,1
2446850,3
13666019,1
76368687,1
62778481,3
62334696,0
78714419,1
93315860,0
92257650,2
22546092,2
75790594,0
31812567,1
20323770,0
38905362,1
79126774,3
91154645,0
84112025,0
59399102,1
85524530,3
75342078,0
37829261,1
47784996,3
27436427,2
80168986,3
39953192,0
90273906,1
63654715,1
21639632,2
15723171,0
32025646,2
35698940,3
79615422,3
17084595,3
57930699,1
30259482,1
60191407,1
48091499,3
14362695,2
21872563,2
32489284,2
86646163,3
95912897,1
93472081,2
17850780,0
58694830,1
31344177,2
83530824,0
68033030,3
34182661,1
73752017,0
96409568,3
87808398,1
92758079,0
98012665,1
40359687,3
36213007,1
61443241,0
5786354,0
67083733,2
10056661,0
99685016,2
46086029,3
17718275,2
71075688,3
93964851,0
79333189,1
41493111,3
97627536,3
91834923,2
12196807,1
65008489,2
7847124,3
79481718,1
78436121,0
36546230,3
48440570,0
10127525,2
60650949,0
45866980,2
63360057,2
37115501,2
61161803,2
61205343,0
52678705,2
67732767,2
65861037,1
69163441,3
81412239,3
61116730,0
82406634,3
10306466,3
48286667,1
75559878,3
46780594,0
66477661,0
8463065,0
57994696,3
20136979,3
24164851,3
86241758,0
80581864,2
23253060,0
10882405,0
24226645,2
48930806,0
90137182,1
33349448,1
43953298,0
62404162,3
43088475,2
36528417,3
23845880,2
35961689,0
59365488,1
44094897,0
6535290,0
53261304,2
45066005,3
42588090,3
40115997,0
10864599,3
60645899,1
61708507,1
5093294,2
85832559,1
79198286,1
70292058,3
37405723,0
8692213,3
14028825,2
43118757,1
93395458,0
51356353,0
85338404,0
24353361,2
81998577,2
82887723,3
26016594,2
11712357,3
53968073,1
40543436,3
31331063,3
5420936,3
97500062,0
83349444,1
61252928,1
30505406,1
94240376,1
82823850,2
74376391,3
21444153,2
20270522,2
86366366,2
2160156,3
77759533,3
16804009,0
18146057,1
91543850,0
94944846,1
29943691,2
84238611,1
93200722,2
2628620,0
1149265,2
38554362,2
82947425,1
49013856,1
87831269,0
21788296,3
85150321,0
36126229,0
87673173,1
43605818,1
53118516,2
27722966,0
64256031,2
85911780,0
30987216,3
93650244,0
29339362,0
37794623,0
92644126,0
78681084,1
48800951,1
53898552,2
62284385,2
22920641,0
20583114,1
37819018,3
1197171,3
53006592,1
63943881,3
27590220,0
69320811,0
88603703,2
37833465,1
29950532,0
44638039,0
37736991,1
97467258,0
65626022,1
52794429,2
28702005,1
2338145,1
50794213,2
3448095,3
8093695,3
83209655,2
32448181,3
97687845,0
24895320,2
72203823,2
35829300,1
41483135,3
65302585,0
14341498,3
69358937,2
11954694,0
58097275,0
46650158,2
2501791,0
78007472,1
53985606,3
18737257,0
27774790,2
58008852,2
5264971,1
91193463,3
19202461,3
9554670,0
8256639,2
83373105,2
14643736,0
81873630,0
47797215,2
57624918,3
68963155,3
45651852,3
11287294,0
62072487,3
75372760,1
19828723,2
18296398,2
85306659,3
37126671,3
80946731,1
7602368,1
34731123,2
80392135,0
82785189,1
59028410,1
42074756,1
56172585,0
18076045,3
62513436,3
48880716,0
25773518,0
38042903,0
57508376,2
32924747,0
75144449,0
49129094,1
87583710,1
96418737,2
75866246,3
6077676,2
52835836,3
89561597,2
58377344,1
10435735,3
97611899,1
58289556,2
89852470,1
48096562,1
89144573,2
34278797,2
3460019,0
20937948,3
55819434,0
58391092,3
7505615,3
53383731,1
45799149,2
66578099,3
99242356,0
96032283,1
91949373,0
41060165,2
88599948,1
86085677,0
96533676,3
64018690,3
33397043,3
44968109,1
61215180,3
8271624,2
89325146,2
87030848,1
83928547,1
29953832,2
37397584,1
2880314,0
42063387,3
75572375,2
6822384,3
88415254,0
8963594,2
66827917,0
29340235,3
53252042,3
99247466,1
49637726,2
21066821,3
30620916,1
84753099,2
61744757,0
75660840,0
25663239,1
66137740,3
68603466,1
4929090,2
58615788,1
65347848,1
50725993,0
49502137,2
77416385,2
60093156,2
45070859,1
77507573,1
11600331,2
4173126,3
32420390,3
8572552,0
86382154,0
72505091,3
88844782,1
2914772,2
72024462,1
6447570,0
3518165,3
85557399,1
51945090,0
26249443,3
72556945,3
41496997,1
41627988,0
37572076,2
94123304,3
36720522,2
76022442,2
3986744,0
41487824,0
85878474,3
42448000,1
29723499,3
26407166,0
77473223,3
97455352,2
52365455,3
45007794,3
38623681,3
58796456,0
92479012,1
6724122,2
83397685,0
96963453,0
34648713,1
36130172,1
85757667,0
66609974,3
76547267,1
43140018,2
71198938,0
98298563,1
63088722,0
65800441,3
88040440,0
11838976,1
85794077,0
21679967,3
89123229,2
84378396,3
20273028,2
98144075,3
46531114,3
56912254,1
64773130,1
86910018,3
23189458,0
65462647,3
37819132,1
79929270,1
53547764,3
47710161,1
44669101,2
39653582,0
4034562,1
37488683,3
89276524,0
68608259,2
17863867,3
58315039,0
50909259,2
21629832,3
93512296,2
37265866,1
75548879,0
60090130,3
31029850,3
55109090,1
23561314,1
13577953,1
59333727,0
40300830,2
9091403,1
75437094,2
20685022,3
43311669,0
62361872,0
84368344,3
58261374,3
26079391,0
83684704,1
3648651,2
84216284,1
33335955,1
38381765,3
47639915,3
35286029,0
1932396,2
89088124,3
87782142,1
23220325,0
46265637,0
68410976,3
22820592,1
85627477,1
7747181,1
59750951,3
74099764,1
29497853,3
78068821,2
96905193,1
75748705,2
22339485,2
88148248,1
45512846,0
19759079,3
72607583,3
78862088,2
58192543,3
68732727,2
12795040,0
7998657,2
93238409,3
86421187,3
70362234,0
81266716,1
23443349,1
67381812,1
21271494,0
54481462,1
41845889,1
22094085,0
22579011,1
79507267,0
60930050,1
60845532,0
59893995,2
40566714,0
86121606,2
36990814,3
52550900,0
61000802,2
7534920,2
52719743,2
43567764,0
89585121,2
84260732,3
24161231,1
10723367,1
25828521,1
36410889,3
36225075,0
66056615,1
65234287,3
37513803,1
59408108,2
64083284,2
21146911,0
36854376,2
57675857,3
28598923,2
59030228,3
34005037,0
57301789,3
18475067,3
2555784,2
73220843,1
93727680,0
95039003,1
12217184,2
88029944,3
87926807,2
27219187,3
73587102,1
13954244,1
41433028,1
22176206,2
65409494,2
26365240,3
34361474,0
18612871,3
33322111,0
10976243,2
48397989,3
15378897,3
63914462,3
33806960,2
14961825,3
31809722,0
22699407,2
72368318,2
1625457,2
51732995,1
26031344,0
31420170,3
8908810,2
58696651,0
9633963,0
90802251,3
32469320,3
55529842,3
80619463,0
43659017,0
84412699,1
93418593,0
6246093,1
42690260,2
85674054,3
70996910,3
11765489,0
53850427,2
31036647,3
74991543,1
22610803,1
25117011,3
10947517,1
48400297,3
94020548,2
57956762,3
73674744,3
75983799,0
85665344,0
13759398,0
36916707,3
27733835,2
78488712,2
88138410,0
35261977,2
38739328,1
81964025,0
65334006,2
60476328,3
81793620,1
48375917,2
32876311,0
31505282,3
19326009,1
71076021,0
27893998,0
47149639,2
42878233,3
17784326,0
13765248,3
36632928,3
21548184,0
38968743,3
56634874,1
15540880,3
33909864,0
34588405,0
50549216,3
98864107,1
38891617,1
39637114,1
44514067,1
95034990,1
71408320,3
33088970,1
50930583,3
54163948,2
54239954,3
13911298,2
70730555,3
26084987,2
23867184,3
73502972,2
76940378,1
12862934,2
69411779,3
96800325,2
73981914,2
78961637,2
36073650,2
71184333,2
79815538,3
72169972,2
10493164,2
77081871,1
33163530,2
57355260,2
6683280,2
20148682,3
56942487,2
32015629,3
21966530,2
62915727,3
61654848,1
47536665,2
86494280,1
84365557,0
55272599,2
83440665,1
61335078,1
14697155,0
59760382,3
34183778,3
40863339,1
11912175,0
47107307,2
79199524,3
77070993,2
3890466,2
86221443,1
64815573,3
12870284,1
30532153,1
18711634,2
3530150,0
14467416,3
84060145,2
57105892,0
66421335,0
80144020,3
16362106,0
83173953,2
33586904,0
57605160,3
26751803,1
96051423,3
8530439,0
30838572,3
20796330,1
4184534,0
51944304,2
48092351,3
87228820,2
62053410,3
80218327,3
35045180,2
59129265,3
35251836,1
17088241,1
32009894,2
14159391,0
70005348,1
22487342,3
52189779,0
81872917,0
93036761,2
4498818,3
96226260,0
35475198,2
99152603,1
68476972,2
69872646,3
67187002,3
84757194,0
48025053,3
83455285,1
50477924,0
23400567,1
8581855,0
23999056,0
56085656,3
65320044,0
3487380,3
19267826,1
43486418,2
21184960,2
52726110,0
16806672,3
28799272,1
40865353,3
24301045,1
28202873,2
31418561,0
45593577,0
12711427,1
37885092,2
11076802,0
10458675,0
28968920,0
49324469,0
31354493,1
78126396,2
81615809,1
77257957,2
92647363,0
60496000,0
78247574,3
58543845,2
99459518,3
81607188,3
37532851,0
21178860,0
84871292,3
88519021,2
38545335,1
17477149,3
64257097,2
13302699,1
47651519,3
88320591,2
21979264,0
66327932,3
21523886,3
52253899,0
49720325,1
61236302,1
95803875,2
86285467,1
12348828,0
39504670,0
82304103,2
1590210,2
39580755,0
57779293,3
50562358,3
39968293,1
23150615,1
99864878,2
76176987,2
56592182,3
15232275,0
57887017,0
36423210,2
69720926,0
15242387,1
42628076,0
8595190,2
15777572,3
86779608,0
35966952,3
34751776,1
67552889,3
95585802,3
76132711,0
18298374,2
68842690,3
93238665,1
52108006,2
18584480,2
84295096,0
35510486,1
37449196,0
56773930,3
37672857,3
41716591,3
65446962,0
93045566,0
92665707,0
46045109,2
18315693,1
55983577,2
86611547,2
97900855,3
28551882,0
52313149,0
19399108,1
12244452,0
69375232,0
21366413,0
83213599,1
53528377,2
87484043,3
1611529,0
78306739,0
52055478,3
83765481,0
64952709,1
35932913,2
48051601,0
53657696,1
60396849,1
17574198,1
42033947,2
65092035,3
95131184,3
42677266,3
17423091,1
38222163,2
48023283,3
45435345,3
3591504,3
4319049,3
78951899,2
82447591,3
84831700,1
41333731,2
29459756,0
74092448,0
29817725,3
94056800,0
32685069,3
4038137,1
63413269,3
75768258,1
75967511,1
91211989,0
31221484,1
43236737,0
84819796,1
19800182,0
16488972,0
37616505,0
30343039,3
92160200,1
37044050,2
8117809,0
66060144,0
63761963,1
37603741,2
32447130,3
78111180,3
3419491,0
51634917,1
54348690,1
83174607,3
93360217,2
57232089,0
39826169,0
51788745,2
28469985,0
95180913,2
63107318,3
62366572,1
12289539,1
41921672,2
66398734,3
83391707,3
75765849,0
4072619,3
29311031,1
82925197,1
30872038,1
49364178,0
70219644,0
8784234,1
20408338,0
85062423,0
69834586,0
24751296,0
99805913,1
68636750,1
86201601,1
17102178,0
51677639,3
49602034,1
79971204,0
15061229,2
32937484,2
91748756,3
92493828,3
10639762,1
31563533,3
66429769,3
22350764,3
3762277,1
1234580,0
70797792,1
66543347,0
38321948,0
15222831,2
54195277,3
77915217,3
85273425,2
39980755,0
39035442,0
20162785,3
97435700,0
15216083,2
93479469,2
83097641,3
11035990,1
88836872,2
82764912,1
90219557,3
33143683,2
28896168,2
74685857,3
29111480,0
80029285,0
84472905,0
93092023,0
15947500,3
31571935,1
93945470,3
1601263,2
49996190,3
74138342,1
65790026,2
31036736,0
84331013,1
51484688,0
85543568,3
65752839,2
34810928,1
20498742,2
72710041,3
5381186,3
52829143,0
11318309,0
69010166,1
42510134,1
74401939,2
89302243,3
64632107,1
30123449,3
39180362,0
45862536,2
85196325,2
90788757,2
20109540,0
2764093,2
85997104,1
53981358,2
71648484,1
73848514,1
20065989,0
63432194,2
46167855,0
61285110,2
9175120,1
30481298,0
45149792,0
73642632,3
50002484,0
32997466,0
59509013,2
81012267,2
29589091,1
68475984,0
38643996,3
70394962,2
61936340,1
1802539,3
28874857,0
29410048,1
93225575,3
69847664,2
81074228,2
33475218,0
34259659,2
62163542,0
95012235,1
56721237,3
25740066,0
24329295,1
59049541,0
46112183,2
73519534,3
1221320,0
79732711,2
19028060,0
97432233,1
92783732,1
9682298,2
49935902,3
26032482,2
18748870,2
78894770,2
63854663,2
27991973,2
84670884,3
19029592,3
4330667,2
84574778,0
87224088,0
14955932,3
93786446,0
51414187,3
40576544,1
66427216,1
72766283,3
76561142,1
68800789,0
3112946,1
8818507,2
25850983,0
4555733,2
55913160,1
68996316,2
70215756,3
62078306,0
31651258,0
90616368,2
63530149,3
34458118,0
29347386,1
47585476,3
72949393,1
90522586,0
55787242,0
90253905,0
54517576,0
30447963,0
54044905,0
13112641,0
71066806,0
90514876,2
49174608,3
58154044,2
92927022,1
6727803,3
16753516,3
11955877,3
29477268,1
79248693,1
71075523,0
76814407,3
37838903,2
91932477,3
49661123,3
47280827,1
88679549,3
29657334,0
42272933,3
38822098,2
65681871,1
74053592,0
25755432,3
92495994,3
82338576,1
32221700,3
21561078,2
40699425,2
30739346,1
31286784,1
11921398,0
28995280,0
30251996,2
89750363,1
38058779,1
43806862,2
29306942,0
72590897,3
63873811,3
80180388,3
24394933,3
28460599,1
40859272,0
40413035,3
78617062,2
70954597,3
28532680,2
3259792,1
48181409,3
48536459,0
43043476,3
90969364,3
24751622,0
11182037,2
88992908,2
49953811,2
55097489,3
66896931,1
20959199,0
42886514,1
11131873,1
59615859,2
33995966,0
13286155,0
2865529,0
80257136,3
24976894,1
8906837,3
5785992,3
94927551,0
96722414,3
81550193,3
8480160,2
99963267,1
72830916,1
51399394,2
59369349,0
83456426,1
94048194,3
65168664,2
51746472,3
40173118,1
27450514,1
21499496,0
42157027,2
27910276,2
36768755,0
31281772,0
46303700,3
32107453,2
43238811,2
60113850,0
48279129,1
88004322,2
99715088,2
64719159,0
88638210,1
7063203,1
85729158,0
14317302,1
58406559,3
19111570,3
59915806,1
6067096,3
8018482,0
37946742,3
76606210,1
19184528,2
70940442,2
97424357,0
7050126,2
96357707,3
4306578,1
22257117,1
13324932,2
68918500,3
9840110,2
13994730,2
18888007,1
34796460,0
59723800,1
89011630,3
48581192,2
10502045,2
78380712,0
9658055,2
90585191,2
4083823,0
90447289,2
78171938,3
43450337,2
80721606,1
53877090,3
59495371,3
70767194,1
84018095,1
5366217,3
86911327,1
82048769,2
66425264,1
59637277,2
7509030,1
14260829,1
67933062,1
60129133,0
9808934,3
41136933,0
96248795,0
8727306,1
78045359,0
77031973,1
27306634,1
44878546,2
79304243,1
61138653,1
62032687,1
54309977,3
73212814,1
94050630,3
6658537,3
52427303,1
1480148,2
86579000,0
49627631,0
5450507,0
94771740,3
1627813,0
57983402,0
71109115,1
79671319,2
14637463,2
21860228,0
96787393,2
96978140,0
28632300,0
63859288,0
65457517,0
60168523,0
8208542,3
52461778,3
63623817,2
36601694,3
18867355,1
19782205,2
50093772,3
31883067,2
81032192,1
1212231,0
67447686,2
67460824,1
9373719,2
5720006,1
86068297,3
9886346,1
54466784,3
81166420,1
25713460,1
10482787,1
46287748,2
15775152,1
27000384,1
92451715,1
39063272,0
90368366,0
40966815,3
35437575,0
70155780,2
58379898,0
51656142,2
90907413,3
90549775,0
33019672,1
50118912,1
50702181,3
66896805,1
40630105,3
1531824,3
65787799,1
22409510,1
22631799,0
46945630,1
90861022,1
76894371,0
26743031,3
57970636,1
11420517,0
36087360,2
88953582,3
70951543,3
95027372,0
76636642,1
6992331,2
60406124,2
57000212,1
20922275,0
71805988,1
86686417,2
47359682,3
96714444,2
19083364,0
79672345,1
12832490,3
82277198,1
70808569,0
90775215,1
36139806,1
31991500,3
23772438,2
11938344,2
41990411,1
36567212,3
93772966,2
17383011,2
57450874,1
8785685,3
58419415,2
73019935,2
50040810,3
60755840,3
78426653,1
42176903,0
42891013,1
7949597,2
19058579,3
60444342,1
95157157,2
79757730,3
33035761,2
34194249,0
96363616,0
56010960,2
17312665,3
31229595,3
38904742,0
98263900,2
72801530,0
41148463,1
91216801,2
57642916,2
67782285,1
41067079,0
83207121,2
30812278,0
28130686,3
27917972,0
22559150,1
92709768,1
40084889,1
30618390,1
21186349,0
20011079,3
7433287,0
91171078,3
90382363,2
82371667,1
90517530,0
85755801,2
81191268,3
74090005,1
21097321,3
35341521,1
68471945,1
63103084,3
59708063,1
12265147,2
58049763,1
81062978,3
49820445,1
69988128,2
45291726,0
97927179,2
81183483,3
37265217,2
45015620,1
40042260,1
34385015,3
22578933,2
89951969,1
47069862,1
13151625,3
35590821,2
84788186,2
24501181,3
67574808,0
25754865,2
14056709,2
5042599,3
19966578,2
95029154,0
51199141,1
32353939,3
91805187,3
47470006,0
75763464,3
69213942,1
96979230,1
8824830,1
33668335,3
37672026,0
87964068,1
23354446,1
77343440,3
21513193,1
15329413,2
10558473,1
16052425,2
63587671,3
29251294,3
64886283,3
31884719,2
40145721,3
68205916,0
24649973,0
19473906,3
55430988,2
95657064,1
79206277,3
79859636,1
26293200,2
16558635,0
41688651,3
51407570,2
58448259,1
83253055,2
23738046,3
35948474,3
21994046,3
47150011,1
92704012,1
50962492,2
22802141,0
24990583,3
26437058,2
32811896,1
76371121,0
32698687,2
76561478,0
87495979,3
46845498,3
6811016,3
94887898,0
40630400,2
60276341,0
73679302,2
56783020,3
8820431,3
78153051,1
92058862,0
53698604,1
49557382,0
83558140,1
57924616,0
23009184,0
35591321,1
12106834,3
31427062,1
79053884,1
91642195,3
88377214,0
40750016,3
31677543,0
25838992,0
45628866,3
68728502,3
65933652,0
32813718,0
78556945,3
7750069,0
73742707,1
56136385,0
10970181,2
51875318,1
6191351,3
72158208,0
62059744,1
92497927,2
79774815,3
33040054,1
93912720,2
17189455,3
19967229,3
16402581,0
81833277,3
26502628,2
60661224,2
11200117,3
46640312,2
49108961,1
37799785,2
16137558,3
91956813,2
29291152,3
53019459,1
92746254,1
44572276,0
27309411,0
86998652,3
1758850,2
47707699,1
60511798,0
37914988,1
80491595,2
8244058,1
80042235,1
33135219,0
64107459,2
62158964,3
91593252,3
69531757,1
80738581,1
86319974,3
61956348,2
30855063,0
57190978,3
46043937,3
75431803,1
4256717,0
35839758,1
69072337,2
37362963,3
5920483,0
63530891,3
93693257,2
95769145,2
66948625,2
97728691,3
53373219,1
38398010,3
99021458,3
11149407,3
78363721,3
86419672,1
81077663,1
28110811,0
57532963,2
65837055,1
80110328,3
72988667,1
37371113,0
4145474,3
3414846,3
3171438,1
21861581,2
92327372,2
86362405,0
10239555,0
37194916,0
48602991,0
17918700,3
2480213,1
69797779,0
5473536,0
18037615,2
53873110,0
98142856,3
35056740,1
85328104,2
93175303,3
77433360,1
94786798,3
62802972,1
7524866,1
13995410,2
37022175,0
40986368,0
22122473,0
72741981,0
14088416,2
84290575,1
27637568,3
49877568,1
48859169,1
58231127,0
5311691,2
65823011,1
60881235,1
3211511,0
51605810,2
14970410,2
91430859,2
99675324,0
68049820,1
36554180,2
99821484,0
43616076,0
20761597,3
15629210,0
26928315,3
11313941,2
43784001,3
82506993,1
95350847,0
84861485,3
54810924,1
17080535,1
35321604,1
13343799,2
83687757,0
10937565,3
50469412,3
43726957,1
46979198,2
78707624,0
94148804,3
60887491,0
28367157,3
24786300,0
77510154,3
39998176,0
29975011,2
54821071,2
52441096,0
40787974,1
58698686,1
9588980,1
31648577,1
82915051,1
41624974,0
89935138,0
40065352,0
6235340,1
29553857,1
33875628,2
4026400,3
10573054,0
38124802,3
63099516,2
70548468,3
22995312,2
11949697,3
90700453,2
87719485,0
43856286,2
35093359,1
33260864,0
82618917,2
69999531,0
30555742,3
7140600,0
74204423,2
42193099,2
82668665,0
9756910,2
21015587,0
32325591,1
91835125,0
56483963,3
56348509,2
35241220,2
31444737,0
4745673,2
83033735,3
16950502,1
55903061,1
18651835,1
61673433,1
36569510,1
83683815,2
18754108,2
54183283,1
48411036,2
72132107,3
53862520,1
33482225,3
7904771,2
77057131,0
43599864,1
33325334,2
13424765,2
82490431,1
42448212,2
30880455,0
86209023,3
1576948,3
9314269,3
94993789,1
8980784,2
23990885,0
51972675,0
44064032,2
54406469,2
79561429,3
41952487,3
28432436,0
14713011,1
30865944,0
24379897,0
55264629,2
2813523,2
80202246,1
60034077,0
4343951,2
3793580,0
67721508,0
8234675,1
23837942,0
43370502,3
5377631,2
42567326,2
90368446,0
26364441,2
15258308,3
71951559,2
91052870,1
66014332,0
6812013,2
7723050,0
62385850,2
84505627,1
7635713,3
90484495,2
83675723,2
10427461,0
65741680,0
95997293,1
19014682,2
27956634,0
80662232,1
79287037,3
27247292,1
43581931,2
70639475,1
63503172,1
49358880,2
44608841,2
80516091,1
74405626,1
44957003,3
97159036,1
95795291,1
44788258,2
10221599,1
49277721,0
9196502,2
16386813,3
20861590,0
13307205,1
82225794,0
13426078,2
35263931,3
95377116,2
50472665,0
72464843,2
88097263,2
33206796,3
11218425,2
93620106,2
75620453,0
16973438,0
38483696,3
20287832,2
31231668,3
86780543,2
88054840,0
46539493,0
94067556,3
34657695,0
59249506,1
57335236,1
16913077,2
94422184,0
81162393,0
68124262,0
51690994,3
31552923,0
59541160,3
48509285,3
96540552,2
38190019,2
88870963,2
89491027,3
5082463,0
33745779,1
14488173,0
62395546,2
63953952,0
78241451,1
40188814,2
86784433,3
46776353,3
11805287,2
20641483,0
95256360,1
36547280,0
27137171,3
60871152,1
24477696,3
86317909,2
16236052,3
53570745,1
98178486,3
71883198,0
12938274,3
94609387,1
1827030,3
40220952,2
13074710,3
63476507,0
42806693,1
35303903,1
33682304,0
1394310,3
76798194,2
60855479,1
24389010,1
21982165,1
27905527,1
77981987,1
46026559,3
91254079,1
93852214,2
11565881,0
84772451,3
73837298,2
75024163,3
94525742,0
47321853,0
16234891,2
38585888,0
95173513,2
12289411,2
19553160,2
44527883,3
64702496,3
69704756,1
20146123,0
63513354,3
37027300,0
38370419,1
49751917,1
21833377,3
55747636,1
60152047,1
33786585,1
8396731,2
7998616,0
69347922,1
63768690,2
82107404,3
84568329,2
17125724,0
57996303,1
4993845,2
22297862,1
6829333,3
19375711,1
4643808,0
4334456,2
98398411,1
28653663,3
77188093,0
24591001,2
7813155,2
26549330,2
24555218,3
54183115,3
52482550,2
88190019,2
29075491,3
2820614,1
79255388,0
79098637,1
53536963,1
64326327,1
18739947,2
99196329,3
93312895,0
91617082,2
31367321,1
21448048,0
98275706,3
16678770,1
10585753,1
17285331,0
98161750,3
41196530,0
8793327,3
81527218,3
80656772,3
6654032,2
39715508,3
78809736,2
30367354,2
52751122,2
51862378,3
3321057,3
20567796,2
42318907,1
29566157,1
16058570,0
41089649,1
23507216,0
36531561,0
73153759,1
70398420,3
68730924,0
98559885,2
53875271,0
83274718,3
13616174,2
12402023,2
24557944,1
97352494,3
36695754,3
7871884,1
10896618,1
5727058,3
96041718,1
24176039,2
44500404,0
29057789,2
9425988,3
30742868,1
33576930,3
99903037,2
20290386,2
37925998,3
59301000,0
35645924,1
86153874,0
81994516,2
75070896,3
98947393,1
54131572,2
16021745,1
74723096,1
8353025,1
11066912,3
94036655,1
20391964,2
64598152,3
33456350,3
99800649,0
61260212,1
3394922,2
39179846,1
55376290,3
43009377,1
68338310,3
67583651,0
21958466,2
55285855,3
75838934,1
55417609,3
44176472,3
45165333,3
10444833,2
95864008,2
72654966,0
52468303,0
50761537,2
5250420,0
82935680,1
66472401,1
47274935,2
38743445,2
83854215,1
92044477,0
98028402,3
93866209,2
8025347,0
30317482,0
77188042,0
68173432,2
17600923,2
54814448,0
77266176,0
14152635,2
13232338,1
72618969,2
40732288,1
1197916,2
6667957,2
87091607,2
16192025,1
82431886,2
66181228,2
94791182,3
53002581,0
83781228,0
75144977,1
84652900,1
3271748,0
78767546,3
85376699,0
26160738,2
84847086,0
35981972,2
31066754,3
65389838,0
75258705,3
61734180,3
50600664,0
4890541,2
78969826,0
88120841,2
92058761,2
12198678,2
45859836,3
2542158,0
62522668,1
21697615,3
97048480,0
5616562,1
83581770,0
28282260,0
24625845,3
59965801,3
61082652,2
24461108,3
13417589,2
50885801,0
96054038,1
33239660,2
36837603,2
93646290,3
25024449,1
86863776,2
7064266,0
94984816,0
91543508,1
77458956,1
82622402,2
69118858,3
5817157,2
46210656,2
2094609,3
55741501,1
3014004,3
84861667,3
57695554,1
84990749,0
13182357,0
68884239,2
31711807,0
39810566,2
18556794,2
53224160,3
14750235,0
93616544,2
24781097,0
97355055,1
37808095,0
71456335,3
73662730,0
57029054,2
35108144,1
68247723,1
43428379,2
70633849,1
16646023,3
83890789,0
39781318,1
65170178,3
66540253,1
58300048,2
34631927,1
89687082,3
18086633,0
52929364,3
73591439,0
34671863,1
39607837,3
66139069,1
72473852,2
76485355,1
5917077,0
41303970,0
9148219,2
40749163,3
24830241,2
73523105,0
33329693,0
30488132,0
57737929,2
34483131,3
18654168,0
12778409,3
88622865,0
9011507,3
43906470,0
50703913,1
4819312,2
41451249,0
77064982,3
37909232,0
22544335,2
93644382,2
77893100,2
83361536,0
62332635,1
22880573,3
83391920,3
25357562,0
50038044,1
54978132,1
90047960,0
58841972,1
5216444,2
51015282,3
80567340,1
35096983,2
11143467,1
53865500,0
94008751,1
47387139,1
94002473,1
25870007,2
86219227,1
91230617,0
41362148,0
4655503,0
97230220,0
37768950,2
50748870,1
56283293,0
89345206,2
94685885,0
86484599,1
85825958,1
28285692,2
18179143,3
12818095,2
33009038,2
43859030,0
20998473,3
7641852,3
12406233,1
89314526,0
72869632,0
92985500,3
10085027,1
42715019,2
16590100,3
64001716,1
74981786,3
48165696,2
75977807,0
7232084,0
41295873,1
10639097,2
45772711,1
13195233,0
13082084,0
42470155,1
62733452,1
94092071,0
5124650,1
94691430,1
90411316,2
34818306,3
47951946,2
14915732,0
4344466,3
43379350,2
9043583,2
8164886,1
92599820,3
64846205,0
55231635,2
76737843,2
76992702,0
64663304,2
59284920,3
39261849,0
86995990,0
32962630,3
18588814,3
35698413,1
96654138,2
73511617,0
84812547,2
99157139,0
31055727,0
66884107,2
98983474,0
17552490,1
99651018,2
21659888,1
77639613,2
63750110,3
85588104,2
78879093,1
73682177,1
75023404,2
5793794,1
15631066,2
30026694,1
61254504,1
48172874,1
17155638,2
26784986,1
95918274,1
83876795,1
72026216,0
20451569,3
31127526,3
44363234,3
9698935,1
1424032,2
29535207,3
82205832,3
89299283,0
36534848,3
1837041,2
54348040,3
61254576,3
24745509,0
6803492,0
91063287,3
43709196,3
87333094,0
67744650,1
26580100,2
86604486,1
86233718,0
62433467,2
3487483,1
93584357,1
56658284,0
28617349,3
81210858,2
53849763,1
41901964,0
62131656,2
7079657,3
20830304,0
6143044,0
45028619,0
73999531,2
68050113,0
34822315,3
92856103,1
73194716,1
40768241,3
87431419,1
27667710,0
47775132,2
20036784,0
33966560,0
61738618,2
96251466,2
15587177,3
34433641,2
9079671,2
48526698,3
1985326,2
51140144,3
12648779,0
82636312,3
17795866,0
25604099,1
70225802,1
47359529,2
17969204,2
25274183,2
22552857,2
41523008,2
63920949,3
51579874,2
54748611,0
79190693,1
27904502,2
6739338,3
34116899,1
57054799,3
83043580,0
97366067,3
34604423,2
71521289,2
36230602,2
71443808,3
91138016,3
88127621,3
90004191,3
7269762,1
21664272,1
62011265,0
88966888,0
96329251,0
35089872,2
50386992,2
87775794,0
82582211,0
38920681,2
83036369,0
20775581,1
25021525,1
25910945,2
95926233,2
79361902,3
38359500,2
49800864,2
55423294,2
26339108,2
34603443,2
39175319,3
7977253,1
12326891,2
80358469,2
4753478,0
25360886,2
48179856,0
70238045,2
86446977,3
93301285,3
95744245,0
52339792,3
27021599,1
31293213,0
23984649,1
65740105,1
65233106,3
77388223,3
30949973,3
70503133,0
75313251,3
22348178,0
37904221,1
42890298,1
36983888,3
25536630,0
77325137,1
29100432,2
22063576,2
47827548,0
70081473,1
26130618,1
8933680,3
82597217,0
27416356,3
94310926,1
56368958,0
3307479,1
9562521,1
33258416,0
40108241,1
20020906,1
92384710,2
81866450,3
82273717,3
74030806,3
91889529,0
54335634,3
74756141,1
17808329,0
47311295,0
39360483,0
80608403,1
29115958,3
43911204,3
75701257,1
59353154,3
43212500,0
95140930,0
11544405,0
15816453,2
3960619,3
94085117,2
42988984,3
68942135,1
41244024,2
8124008,2
27324787,0
23223540,3
54158966,0
72517803,2
37860642,0
65288867,3
79772136,1
87263489,1
4740164,1
89048034,2
97909655,2
54551521,0
96769527,3
36648538,1
9296004,2
54874902,1
74882335,1
26441619,3
92418459,1
84117585,0
20491381,2
94605433,2
16793630,2
98207725,1
67092093,2
85386951,1
66285421,1
74904497,0
14985338,3
76607480,0
16925383,2
63437932,0
21611899,3
73900420,2
50471892,0
10045242,3
61889251,1
11371884,1
5190361,2
14335610,2
32481655,0
90609000,0
99360701,3
3838778,3
38778820,0
15775116,3
90500184,1
56214902,3
3273034,3
26079610,2
13816242,0
39911385,3
79050810,3
26716432,2
6630403,1
61751343,1
1231929,2
13615718,0
10759219,2
51618239,0
38487210,0
71418062,3
27633603,1
29664586,0
63680367,1
7132643,1
98657820,1
63644782,2
7812435,2
41801436,1
94376496,2
8067706,0
96203029,0
69115784,2
39656481,1
5124532,3
17718432,2
28101048,2
18867880,1
50952297,1
66200571,0
19337813,3
22563496,0
74255323,1
68114769,1
43497190,2
19848590,2
96315264,3
19840889,1
5575560,3
52596039,3
30135956,0
63712271,3
16250072,2
64415021,1
66079304,0
43936247,2
22908938,2
56518804,2
51703577,2
70019678,0
51285202,3
29346706,0
51005130,1
46444557,1
10712170,0
68143025,2
10162360,2
55788479,3
53986384,3
56330807,2
36612260,2
1185451,1
62354514,3
14531858,2
82746453,3
70619438,1
81942889,1
83748074,1
